Workbook

Sheet ASG Data
A1: VIRTUAL_MACHINE.ID | B1: VIRTUAL_MACHINE.Name | C1: VIRTUAL_MACHINE.Projects | D1: VIRTUAL_MACHINE.externalId | E1: VIRTUAL_MACHINE.operatingSystem | F1: VIRTUAL_MACHINE.status | G1: VIRTUAL_MACHINE.tags | H1: REGION.ID | I1: REGION.Name | J1: HOSTED_TECHNOLOGY.ID | K1: HOSTED_TECHNOLOGY.Name | L1: HOSTED_TECHNOLOGY.version | M1: SUBSCRIPTION.ID | N1: SUBSCRIPTION.Name | O1: SUBSCRIPTION.subscriptionId | P1: NETWORK_ADDRESS.ID | Q1: NETWORK_ADDRESS.Name | R1: ASG | S1: Cortex_Installed | T1: Tanium_Installed | U1: In_Scope_For_Action
A2: b9410a54-e35f-5804-ad08-a1ac1ab2d088 | B2: ue1pl-sh-mailout-asg | C2: AWS | D2: i-0463be3af2f02dfc4 | E2: Linux | F2: Active | G2: {"Availability":"24x7","Category":"traiana","CostCenter":"Osttra","DeploymentMethod":"Terragrunt","Deployment_Method":"Terragrunt","Description":"This resource is created for tpcore-dmz via terragrunt","Email":"osttra-cloud-enablement@osttra.com","Environment":"ue1p","Name":"ue1pl-sh-mailout-asg","Owner":"Cloud Engineering","Project":"tpcore-dmz","RepoUrl":"https://github.com/osttra/terraform-aws-tpcore-dmz-provisioning","aws:autoscaling:groupName":"ue1pl-sh-mailout-asg","aws:ec2launchtemplate:id":"lt-027c22c01f3cb1e96","aws:ec2launchtemplate:version":"7","fw_app":"mailout","fw_default":"true","fw_env":"prod","fw_nat":"shared"} | H2: 35f0e323-0818-5f67-a7c3-bf95849762e6 | I2: us-east-1 (767397888233) | J2: 041377d5-52cf-5548-b582-e8f66a3d7e7a | K2: Linux Red Hat (ue1pl-sh-mailout-asg) | L2: 9.5 | M2: 1103850b-f940-524b-a276-27930abe7533 | N2: aws-osttra-dmz-prod | O2: 767397888233 | P2: cb38f01b-cb4f-509b-9e51-4c2266ef506b | Q2: 10.195.54.19 | R2: ue1pl-sh-mailout-asg | S2: No | T2: Yes | U2: Yes
A3: b7ce9ccb-db13-56e7-b879-b9309b227ea5 | B3: ue1pl-sh-proxy-asg | C3: AWS | D3: i-05cc9ab4c83b819d9 | E3: Linux | F3: Active | G3: {"Availability":"24x7","Category":"traiana","CostCenter":"Osttra","DeploymentMethod":"Terragrunt","Deployment_Method":"Terragrunt","Description":"This resource is created for tpcore-dmz via terragrunt","Email":"osttra-cloud-enablement@osttra.com","Environment":"ue1p","Name":"ue1pl-sh-proxy-asg","Owner":"Cloud Engineering","Project":"tpcore-dmz","RepoUrl":"https://github.com/osttra/terraform-aws-tpcore-dmz-provisioning","aws:autoscaling:groupName":"ue1pl-sh-proxy-asg","aws:ec2launchtemplate:id":"lt-0b9c9ec11eb96d973","aws:ec2launchtemplate:version":"16","fw_app":"proxy","fw_default":"true","fw_env":"prod","fw_nat":"shared"} | H3: 35f0e323-0818-5f67-a7c3-bf95849762e6 | I3: us-east-1 (767397888233) | J3: 641bc669-0a1e-5a8c-8b00-448391e5f22b | K3: Linux Red Hat (ue1pl-sh-proxy-asg) | L3: 7.9 | M3: 1103850b-f940-524b-a276-27930abe7533 | N3: aws-osttra-dmz-prod | O3: 767397888233 | P3: 76e1c8f0-57be-5a13-9860-8b7a9cbcfe2d | Q3: 10.195.59.49 | R3: ue1pl-sh-proxy-asg | S3: Yes | T3: Yes | U3: No
A4: 8e150897-6280-5b6c-82a9-807d4056a4ab | B4: ue1pl-sh-proxy-asg | C4: AWS | D4: i-0b1b8b7eaa4bbdc13 | E4: Linux | F4: Active | G4: {"Availability":"24x7","Category":"traiana","CostCenter":"Osttra","DeploymentMethod":"Terragrunt","Deployment_Method":"Terragrunt","Description":"This resource is created for tpcore-dmz via terragrunt","Email":"osttra-cloud-enablement@osttra.com","Environment":"ue1p","Name":"ue1pl-sh-proxy-asg","Owner":"Cloud Engineering","Project":"tpcore-dmz","RepoUrl":"https://github.com/osttra/terraform-aws-tpcore-dmz-provisioning","aws:autoscaling:groupName":"ue1pl-sh-proxy-asg","aws:ec2launchtemplate:id":"lt-0b9c9ec11eb96d973","aws:ec2launchtemplate:version":"16","fw_app":"proxy","fw_default":"true","fw_env":"prod","fw_nat":"shared"} | H4: 35f0e323-0818-5f67-a7c3-bf95849762e6 | I4: us-east-1 (767397888233) | J4: 9d3d69dd-0247-5d2a-92c9-62175c5c3fe6 | K4: Linux Red Hat (ue1pl-sh-proxy-asg) | L4: 7.9 | M4: 1103850b-f940-524b-a276-27930abe7533 | N4: aws-osttra-dmz-prod | O4: 767397888233 | P4: f07e2746-4061-5caa-a65b-b3d31d6b9af8 | Q4: 10.195.54.55 | R4: ue1pl-sh-proxy-asg | S4: Yes | T4: Yes | U4: No
A5: dd8f9a8a-7732-5b4e-b595-2e3898ffcbb8 | B5: ue1pl-sh-mailout-asg | C5: AWS | D5: wiz-representative##arn:aws:autoscaling:us-east-1:767397888233:autoScalingGroup:65ba07bd-dca5-4e60-ae57-e76e2d55f067:autoScalingGroupName/ue1pl-sh-mailout-asg | E5: Linux | F5: Active | G5: {"Availability":"24x7","Category":"traiana","CostCenter":"Osttra","DeploymentMethod":"Terragrunt","Deployment_Method":"Terragrunt","Description":"This resource is created for tpcore-dmz via terragrunt","Email":"osttra-cloud-enablement@osttra.com","Environment":"ue1p","Name":"ue1pl-sh-mailout-asg","Owner":"Cloud Engineering","Project":"tpcore-dmz","RepoUrl":"https://github.com/osttra/terraform-aws-tpcore-dmz-provisioning","aws:autoscaling:groupName":"ue1pl-sh-mailout-asg","aws:ec2launchtemplate:id":"lt-027c22c01f3cb1e96","aws:ec2launchtemplate:version":"7","fw_app":"mailout","fw_default":"true","fw_env":"prod","fw_nat":"shared"} | H5: 35f0e323-0818-5f67-a7c3-bf95849762e6 | I5: us-east-1 (767397888233) | J5: 203a8cb9-1c3f-5818-b8d4-9ab773930fdc | K5: Linux Red Hat (ue1pl-sh-mailout-asg) | L5: 9.5 | M5: 1103850b-f940-524b-a276-27930abe7533 | N5: aws-osttra-dmz-prod | O5: 767397888233 | P5: ba7eff2c-aaf4-5bc4-b990-9c84fe59de67 | Q5: 10.195.59.22 | R5: ue1pl-sh-mailout-asg | S5: No | T5: Yes | U5: Yes
A6: ae531420-13b9-52b4-a10a-77b760a4cd1f | B6: ue2pl-sh-sftp-asg | C6: AWS | D6: i-025a59ea90f0bb1fd | E6: Linux | F6: Active | G6: {"Availability":"24x7","Category":"traiana","CostCenter":"Osttra","DeploymentMethod":"Terragrunt","Deployment_Method":"Terragrunt","Description":"This resource is created for tpcore-dmz via terragrunt","Email":"osttra-cloud-enablement@osttra.com","Environment":"ue2p","Name":"ue2pl-sh-sftp-asg","Owner":"Cloud Engineering","Project":"tpcore-dmz","RepoUrl":"https://github.com/osttra/terraform-aws-tpcore-dmz-provisioning","aws:autoscaling:groupName":"ue2pl-sh-sftp-asg","aws:ec2launchtemplate:id":"lt-016dedd48b1f66c57","aws:ec2launchtemplate:version":"8","fw_app":"sftp","fw_default":"true","fw_env":"prod","fw_nat":"shared"} | H6: d1052f70-beb0-5b2e-8d0b-2b78fe8a5820 | I6: us-east-2 (767397888233) | J6: f3f23c9d-7d59-5026-af5a-bd2999cf4441 | K6: Linux Red Hat (ue2pl-sh-sftp-asg) | L6: 9.5 | M6: 1103850b-f940-524b-a276-27930abe7533 | N6: aws-osttra-dmz-prod | O6: 767397888233 | P6: 82f9b8cf-bffb-5486-92ff-be143d79edcb | Q6: 10.188.138.78 | R6: ue2pl-sh-sftp-asg | S6: Yes | T6: Yes | U6: No
A7: a8fe30b4-db85-5347-93f3-ad9479f16bea | B7: ue2pl-sh-mailout-asg | C7: AWS | D7: i-03c17862ba04fbf32 | E7: Linux | F7: Active | G7: {"Availability":"24x7","Category":"traiana","CostCenter":"Osttra","DeploymentMethod":"Terragrunt","Deployment_Method":"Terragrunt","Description":"This resource is created for tpcore-dmz via terragrunt","Email":"osttra-cloud-enablement@osttra.com","Environment":"ue2p","Name":"ue2pl-sh-mailout-asg","Owner":"Cloud Engineering","Project":"tpcore-dmz","RepoUrl":"https://github.com/osttra/terraform-aws-tpcore-dmz-provisioning","aws:autoscaling:groupName":"ue2pl-sh-mailout-asg","aws:ec2launchtemplate:id":"lt-0c7209924d7d945ef","aws:ec2launchtemplate:version":"12","fw_app":"mailout","fw_default":"true","fw_env":"prod","fw_nat":"shared"} | H7: d1052f70-beb0-5b2e-8d0b-2b78fe8a5820 | I7: us-east-2 (767397888233) | J7: 7f2e4b0a-b2b7-5a8a-8e64-a58d21919e38 | K7: Linux Red Hat (ue2pl-sh-mailout-asg) | L7: 9.5 | M7: 1103850b-f940-524b-a276-27930abe7533 | N7: aws-osttra-dmz-prod | O7: 767397888233 | P7: 3fd7d98b-b7ff-5ef5-868f-a3826b161de9 | Q7: 10.188.137.31 | R7: ue2pl-sh-mailout-asg | S7: No | T7: No | U7: Yes
A8: 21a811d0-63e6-55b7-9e3d-890cee87c598 | B8: ue2pl-lh-mailin-asg | C8: AWS | D8: i-08d490f4baf525a8f | E8: Linux | F8: Active | G8: {"Availability":"24x7","Category":"traiana","CostCenter":"Osttra","DeploymentMethod":"Terragrunt","Deployment_Method":"Terragrunt","Description":"This resource is created for tpcore-dmz via terragrunt","Email":"osttra-cloud-enablement@osttra.com","Environment":"ue2p","Name":"ue2pl-lh-mailin-asg","Owner":"Cloud Engineering","Project":"tpcore-dmz","RepoUrl":"https://github.com/osttra/terraform-aws-tpcore-dmz-provisioning","aws:autoscaling:groupName":"ue2pl-lh-mailin-asg","aws:ec2launchtemplate:id":"lt-01dd2dd5fbab022a2","aws:ec2launchtemplate:version":"3","cost-center:app":"limithub","cost-center:category":"app","cost-center:email":"dl-limithub-development@osttra.com","cost-center:env":"prod","cost-center:owner":"limithub-team","fw_app":"mailin","fw_default":"true","fw_env":"prod","fw_nat":"shared"} | H8: d1052f70-beb0-5b2e-8d0b-2b78fe8a5820 | I8: us-east-2 (767397888233) | J8: 8e8b483d-d287-587e-8fd7-fdd00557657a | K8: Linux Red Hat (ue2pl-lh-mailin-asg) | L8: 9.4 | M8: 1103850b-f940-524b-a276-27930abe7533 | N8: aws-osttra-dmz-prod | O8: 767397888233 | P8: 8f4bd143-d904-5e11-8d44-67eee1edf3f9 | Q8: 10.188.136.215 | R8: ue2pl-lh-mailin-asg | S8: Yes | T8: Yes | U8: No
A9: 3c3a7e3a-ad03-5b34-8e1c-98f98f298179 | B9: ue2pl-sh-proxy-asg | C9: AWS | D9: i-0b784446d7551d408 | E9: Linux | F9: Active | G9: {"Availability":"24x7","Category":"traiana","CostCenter":"Osttra","DeploymentMethod":"Terragrunt","Deployment_Method":"Terragrunt","Description":"This resource is created for tpcore-dmz via terragrunt","Email":"osttra-cloud-enablement@osttra.com","Environment":"ue2p","Name":"ue2pl-sh-proxy-asg","Owner":"Cloud Engineering","Project":"tpcore-dmz","RepoUrl":"https://github.com/osttra/terraform-aws-tpcore-dmz-provisioning","aws:autoscaling:groupName":"ue2pl-sh-proxy-asg","aws:ec2launchtemplate:id":"lt-001581c3d510a9ad5","aws:ec2launchtemplate:version":"11","fw_app":"proxy","fw_default":"true","fw_env":"prod","fw_nat":"shared"} | H9: d1052f70-beb0-5b2e-8d0b-2b78fe8a5820 | I9: us-east-2 (767397888233) | J9: 318c6b7a-96ab-5156-9202-12a19d7b1cf8 | K9: Linux Red Hat (ue2pl-sh-proxy-asg) | L9: 7.9 | M9: 1103850b-f940-524b-a276-27930abe7533 | N9: aws-osttra-dmz-prod | O9: 767397888233 | P9: 9ef0da09-e26b-5320-aa18-2cc570683639 | Q9: 10.188.135.71 | R9: ue2pl-sh-proxy-asg | S9: Yes | T9: Yes | U9: No
A10: 2a00371a-3f12-591e-b6ab-5a3d3ef68b55 | B10: ue2pl-adp1-asg | C10: AWS | D10: i-0cc89b577ce173551 | E10: Linux | F10: Active | G10: {"Availability":"24x7","Category":"traiana","CostCenter":"Osttra","DeploymentMethod":"Terragrunt","Deployment_Method":"Terragrunt","Description":"This resource is created for tpcore-dmz via terragrunt","Email":"osttra-cloud-enablement@osttra.com","Environment":"ue2p","Name":"ue2pl-adp1-asg","Owner":"Cloud Engineering","Project":"tpcore-dmz","RepoUrl":"https://github.com/osttra/terraform-aws-tpcore-dmz-provisioning","aws:autoscaling:groupName":"ue2pl-adp1-asg","aws:ec2launchtemplate:id":"lt-027c3240d98aca6ca","aws:ec2launchtemplate:version":"2","fw_app":"adapters","fw_default":"true","fw_env":"prod","fw_nat":"shared"} | H10: d1052f70-beb0-5b2e-8d0b-2b78fe8a5820 | I10: us-east-2 (767397888233) | J10: c7f0dd37-e55a-5323-8d00-c9aa9faab14c | K10: Linux Red Hat (ue2pl-adp1-asg) | L10: 7.9 | M10: 1103850b-f940-524b-a276-27930abe7533 | N10: aws-osttra-dmz-prod | O10: 767397888233 | P10: 5cacabdc-f10a-5f4c-82de-570b830aedd0 | Q10: 10.188.139.36 | R10: ue2pl-adp1-asg | S10: Yes | T10: Yes | U10: No
A11: 06fe2dfc-a76f-5562-b048-26014944107e | B11: ue2pl-lh-sftp-asg | C11: AWS | D11: i-0cddd2fb9f4ec4ef9 | E11: Linux | F11: Active | G11: {"Availability":"24x7","Category":"traiana","CostCenter":"Osttra","DeploymentMethod":"Terragrunt","Deployment_Method":"Terragrunt","Description":"This resource is created for tpcore-dmz via terragrunt","Email":"osttra-cloud-enablement@osttra.com","Environment":"ue2p","Name":"ue2pl-lh-sftp-asg","Owner":"Cloud Engineering","Project":"tpcore-dmz","RepoUrl":"https://github.com/osttra/terraform-aws-tpcore-dmz-provisioning","aws:autoscaling:groupName":"ue2pl-lh-sftp-asg","aws:ec2launchtemplate:id":"lt-008af5017d91e6f45","aws:ec2launchtemplate:version":"7","cost-center:app":"limithub","cost-center:category":"app","cost-center:email":"dl-limithub-development@osttra.com","cost-center:env":"prod","cost-center:owner":"limithub-team","fw_app":"sftp","fw_default":"true","fw_env":"prod","fw_nat":"limithub"} | H11: d1052f70-beb0-5b2e-8d0b-2b78fe8a5820 | I11: us-east-2 (767397888233) | J11: e4fbb80a-7c86-5aa5-804e-08aa092334cb | K11: Linux Red Hat (ue2pl-lh-sftp-asg) | L11: 9.5 | M11: 1103850b-f940-524b-a276-27930abe7533 | N11: aws-osttra-dmz-prod | O11: 767397888233 | P11: 29ae06a8-a9d6-5057-8143-aac556abbf08 | Q11: 10.188.138.7 | R11: ue2pl-lh-sftp-asg | S11: Yes | T11: Yes | U11: No
A12: bde56606-5bc2-5419-9ae9-cd709ebc4b63 | B12: ue2pl-sh-sftp-asg | C12: AWS | D12: wiz-representative##arn:aws:autoscaling:us-east-2:767397888233:autoScalingGroup:61b93537-1565-49c2-8338-78581d96e8ac:autoScalingGroupName/ue2pl-sh-sftp-asg | E12: Linux | F12: Active | G12: {"Availability":"24x7","Category":"traiana","CostCenter":"Osttra","DeploymentMethod":"Terragrunt","Deployment_Method":"Terragrunt","Description":"This resource is created for tpcore-dmz via terragrunt","Email":"osttra-cloud-enablement@osttra.com","Environment":"ue2p","Name":"ue2pl-sh-sftp-asg","Owner":"Cloud Engineering","Project":"tpcore-dmz","RepoUrl":"https://github.com/osttra/terraform-aws-tpcore-dmz-provisioning","aws:autoscaling:groupName":"ue2pl-sh-sftp-asg","aws:ec2launchtemplate:id":"lt-016dedd48b1f66c57","aws:ec2launchtemplate:version":"8","fw_app":"sftp","fw_default":"true","fw_env":"prod","fw_nat":"shared"} | H12: d1052f70-beb0-5b2e-8d0b-2b78fe8a5820 | I12: us-east-2 (767397888233) | J12: 6d322e18-9c67-5aa5-a3b7-36772006ca8a | K12: Linux Red Hat (ue2pl-sh-sftp-asg) | L12: 9.5 | M12: 1103850b-f940-524b-a276-27930abe7533 | N12: aws-osttra-dmz-prod | O12: 767397888233 | P12: c0dc2724-da83-5da7-a6cd-07235701f273 | Q12: 10.188.134.149 | R12: ue2pl-sh-sftp-asg | S12: Yes | T12: Yes | U12: No
A13: b80f2d0e-abcc-5ad3-b81d-8a4f0e33a175 | B13: ue2pl-adp2-asg | C13: AWS | D13: wiz-representative##arn:aws:autoscaling:us-east-2:767397888233:autoScalingGroup:660edc02-e932-47d4-abc4-415143c135ae:autoScalingGroupName/ue2pl-adp2-asg | E13: Linux | F13: Active | G13: {"Availability":"24x7","Category":"traiana","CostCenter":"Osttra","DeploymentMethod":"Terragrunt","Deployment_Method":"Terragrunt","Description":"This resource is created for tpcore-dmz via terragrunt","Email":"osttra-cloud-enablement@osttra.com","Environment":"ue2p","Name":"ue2pl-adp2-asg","Owner":"Cloud Engineering","Project":"tpcore-dmz","RepoUrl":"https://github.com/osttra/terraform-aws-tpcore-dmz-provisioning","aws:autoscaling:groupName":"ue2pl-adp2-asg","aws:ec2launchtemplate:id":"lt-0fc4c121bf56791af","aws:ec2launchtemplate:version":"1","fw_app":"adapters","fw_default":"true","fw_env":"prod","fw_nat":"shared"} | H13: d1052f70-beb0-5b2e-8d0b-2b78fe8a5820 | I13: us-east-2 (767397888233) | J13: f7ace7a8-b23a-55f3-81a1-ad31ce4bb856 | K13: Linux Red Hat (ue2pl-adp2-asg) | L13: 7.9 | M13: 1103850b-f940-524b-a276-27930abe7533 | N13: aws-osttra-dmz-prod | O13: 767397888233 | P13: 84604c24-99b1-5c7b-8952-e4406c132b57 | Q13: 10.188.138.253 | R13: ue2pl-adp2-asg | S13: Yes | T13: Yes | U13: No
... A180: 53f5677c-8fed-5d30-a46a-fb385ef86fd0 | B180: Artifactory-Slave | C180: AWS | D180: wiz-representative##arn:aws:autoscaling:us-east-1:213297043725:autoScalingGroup:67bed2f7-5d34-4d65-a9cb-6cdb6b4b02a6:autoScalingGroupName/artifactory-slaves | E180: Linux | F180: Active | G180: {"Name":"Artifactory-Slave","application-name":"artifactory","aws:autoscaling:groupName":"artifactory-slaves","aws:ec2launchtemplate:id":"lt-0f66f5589c61a226e","aws:ec2launchtemplate:version":"24","businessgroup":"optimization","deployment-method":"terraform","operational-hours":"247","organization":"traiana","owner":"DevOps","owner-email":"devops-ci@traiana.com","repo-url":"https://github.com/traiana/tf-jfrog.git"} | H180: 811f7b02-eee7-5178-87fb-f32cc2dd4f7c | I180: us-east-1 (213297043725) | J180: 794bb882-5385-5aad-ae59-84c788c6d4e9 | K180: Amazon Linux 1 (Artifactory-Slave) | L180: AMI release 2018.03 | M180: 922f246f-f695-521b-865d-240987bac080 | N180: aws-us-infinity-services | O180: 213297043725 | P180: 0f615d58-ddb2-5514-b97c-ef14711824ce | Q180: 10.165.16.211 | R180: artifactory-slaves | S180: No | T180: No | U180: Yes

Sheet ASG Pivot
G3: owner | H3: update
G4: Udit/Dinesh
G5: network
G6: Himanshu
G7: network | H7: already communicated to network team
G8: network | H8: already communicated to network team
G9: network | H9: already communicated to network team
G10: network | H10: already communicated to network team
G11: Dinesh Kumar
G12: Dinesh Kumar | H12: installed and rolled to AMI
G13: Dinesh Kumar | H13: not exist anymore
G15: Dinesh Kumar | H15: will be decomissioned on weekend
G16: Christian Leigh | H16: mail dropped
G18: Dinesh Kumar | H18: installed and rolled to AMI
G19: Shivam | H19: mail dropped
G20: Shivam | H20: mail dropped
G21: Shivam | H21: mail dropped
G22: No Info
G23: No Info
G24: No Info
G25: No Info
G26: Dinesh Kumar | H26: installed and rolled out
G27: Dinesh Kumar
G28: Dinesh Kumar | H28: As per cloud team it will be terminated soon.
G29: Dinesh Kumar
G30: Dinesh Kumar
G32: Dinesh Kumar
G33: Dinesh Kumar
G34: Dinesh Kumar
G35: Dinesh Kumar
G36: Dinesh Kumar
G37: Christian Leigh | H37: mail dropped
G39: Dinesh Kumar
G40: Dinesh Kumar
G41: No Info
G42: No Info
G43: No Info
G44: No Info
G46: Christian Leigh | H46: mail dropped
G47: Himanshu Bansal
G48: Dinesh Kumar
G49: Shivam Rastogi | H49: mail dropped
G51: Dinesh Kumar | H51: account will be shutdown soon
G52: Dinesh Kumar | H52: account will be shutdown soon
G53: Himanshu Bansal | H53: account will be shutdown soon

Sheet Detail19-aws-osttra-network
A1: VIRTUAL_MACHINE.ID | B1: VIRTUAL_MACHINE.Name | C1: VIRTUAL_MACHINE.Projects | D1: VIRTUAL_MACHINE.externalId | E1: VIRTUAL_MACHINE.operatingSystem | F1: VIRTUAL_MACHINE.status | G1: VIRTUAL_MACHINE.tags | H1: REGION.ID | I1: REGION.Name | J1: HOSTED_TECHNOLOGY.ID | K1: HOSTED_TECHNOLOGY.Name | L1: HOSTED_TECHNOLOGY.version | M1: SUBSCRIPTION.ID | N1: SUBSCRIPTION.Name | O1: SUBSCRIPTION.subscriptionId | P1: NETWORK_ADDRESS.ID | Q1: NETWORK_ADDRESS.Name | R1: ASG | S1: Cortex_Installed | T1: Tanium_Installed | U1: In_Scope_For_Action
A2: 9c265fd3-a18f-5f9f-982c-37cf4b3c6731 | B2: Linux-bastion-host-eu-west-1 | C2: AWS, Networking | D2: i-0ae6a9c8b689d4f91 | E2: Linux | F2: Active | G2: {"CostCenter":"Osttra","DeploymentMethod":"Terragrunt","Description":"This resource is created for osttra-network via terraform or terragrunt","Email":"network@osttra.com","Environment":"PROD","Name":"Linux-bastion-host-eu-west-1","Owner":"osttra-network","Project":"osttra-network","RepoUrl":"https://github.com/osttra/aws-network-deploy","aws:autoscaling:groupName":"bastion-host-asg-eu-west-1","aws:ec2launchtemplate:id":"lt-084122f6925d72c5a","aws:ec2launchtemplate:version":"2"} | H2: 57553cad-b73c-5cf7-a1de-ce0558cc0ba7 | I2: eu-west-1 (161441385277) | J2: a26ab0f9-c2ed-51f5-8a59-b59ff60bdb6d | K2: Linux Red Hat (Linux-bastion-host-eu-west-1) | L2: 8.10 | M2: a918d5cb-5ffb-508d-93bd-76abaf4294b5 | N2: aws-osttra-network | O2: 161441385277 | P2: dc64237d-6f7d-5674-8635-3cd87da08b95 | Q2: 10.196.253.80 | R2: bastion-host-asg-eu-west-1 | S2: No | T2: No | U2: Yes
A3: 03c51047-9f6a-5f57-be7d-91e03396af11 | B3: zabbix-server-us-east-1-poc | C3: AWS, Networking | D3: i-00f418462c52d7f9c | E3: Linux | F3: Active | G3: {"CostCenter":"Osttra","DeploymentMethod":"Terragrunt","Description":"This resource is created for osttra-network via terraform or terragrunt","Email":"network@osttra.com","Environment":"PROD","Name":"zabbix-server-us-east-1-poc","Owner":"osttra-network","Project":"osttra-network","RepoUrl":"https://github.com/osttra/aws-network-deploy","aws:autoscaling:groupName":"zabbix-server-asg-us-east-1","aws:ec2launchtemplate:id":"lt-0f95986b3a7cf51f5","aws:ec2launchtemplate:version":"1"} | H3: afc6b70e-66a3-5a28-87db-9c030a4112c1 | I3: us-east-1 (161441385277) | J3: b5729854-04a5-50b8-926d-3fd6df7c9b1b | K3: Linux Ubuntu (zabbix-server-us-east-1-poc) | L3: 22.04.5 | M3: a918d5cb-5ffb-508d-93bd-76abaf4294b5 | N3: aws-osttra-network | O3: 161441385277 | P3: 21cda7f1-4ff5-55db-ac36-c4db16384e9c | Q3: 10.196.72.168 | R3: zabbix-server-asg-us-east-1 | S3: No | T3: No | U3: Yes
A4: c39c4759-1146-5d73-b1c5-224e53f2b448 | B4: Linux-bastion-host-us-east-1 | C4: AWS, Networking | D4: i-0706c3c96d457fe30 | E4: Linux | F4: Active | G4: {"CostCenter":"Osttra","DeploymentMethod":"Terragrunt","Description":"This resource is created for osttra-network via terraform or terragrunt","Email":"network@osttra.com","Environment":"PROD","Name":"Linux-bastion-host-us-east-1","Owner":"osttra-network","Project":"osttra-network","RepoUrl":"https://github.com/osttra/aws-network-deploy","aws:autoscaling:groupName":"bastion-host-asg-us-east-1","aws:ec2launchtemplate:id":"lt-0959a24fb2017fbff","aws:ec2launchtemplate:version":"5"} | H4: afc6b70e-66a3-5a28-87db-9c030a4112c1 | I4: us-east-1 (161441385277) | J4: 754adc65-631e-5d43-b742-3afdaf58372a | K4: Linux Red Hat (Linux-bastion-host-us-east-1) | L4: 8.10 | M4: a918d5cb-5ffb-508d-93bd-76abaf4294b5 | N4: aws-osttra-network | O4: 161441385277 | P4: 64fd49f6-bdde-5bd9-9e3a-3860dd0de8db | Q4: 10.196.72.189 | R4: bastion-host-asg-us-east-1 | S4: No | T4: No | U4: Yes
A5: ae1a6d31-0a6d-570c-982d-5917b65c94da | B5: grafana-server-us-east-1 | C5: AWS, Networking | D5: i-0a76a4f523f600c2a | E5: Linux | F5: Active | G5: {"CostCenter":"Osttra","DeploymentMethod":"Terragrunt","Description":"This resource is created for osttra-network via terraform or terragrunt","Email":"network@osttra.com","Environment":"PROD","Name":"grafana-server-us-east-1","Owner":"osttra-network","Project":"osttra-network","RepoUrl":"https://github.com/osttra/aws-network-deploy","aws:autoscaling:groupName":"grafana-server-asg-us-east-1","aws:ec2launchtemplate:id":"lt-0104bd9a71ee3ba24","aws:ec2launchtemplate:version":"1"} | H5: afc6b70e-66a3-5a28-87db-9c030a4112c1 | I5: us-east-1 (161441385277) | J5: 5f256430-3e1e-540b-b9a1-afcdcaa004c6 | K5: Linux Ubuntu (grafana-server-us-east-1) | L5: 22.04.5 | M5: a918d5cb-5ffb-508d-93bd-76abaf4294b5 | N5: aws-osttra-network | O5: 161441385277 | P5: 7479b426-e83c-5d0a-a5a5-ca5ba815756a | Q5: 10.196.72.167 | R5: grafana-server-asg-us-east-1 | S5: No | T5: No | U5: Yes
O11: aws-osttra-network | P11: 10.196.253.80
O12: aws-osttra-network | P12: 10.196.72.168
O13: aws-osttra-network | P13: 10.196.72.189
O14: aws-osttra-network | P14: 10.196.72.167

Sheet Non-ASG Data
A1: VIRTUAL_MACHINE.ID | B1: VIRTUAL_MACHINE.Name | C1: comment | D1: VIRTUAL_MACHINE.Projects | E1: VIRTUAL_MACHINE.externalId | F1: VIRTUAL_MACHINE.operatingSystem | G1: VIRTUAL_MACHINE.status | H1: VIRTUAL_MACHINE.tags | I1: REGION.ID | J1: REGION.Name | K1: HOSTED_TECHNOLOGY.ID | L1: HOSTED_TECHNOLOGY.Name | M1: HOSTED_TECHNOLOGY.version | N1: SUBSCRIPTION.ID | O1: SUBSCRIPTION.Name | P1: SUBSCRIPTION.subscriptionId | Q1: NETWORK_ADDRESS.ID | R1: NETWORK_ADDRESS.Name | S1: Cortex_Installed | T1: Tanium_Installed | U1: In_Scope_For_Action
A2: fde5e7aa-eb23-521c-8643-d789d0c010c3 | B2: testing-connectivuty-issue | C2: cloud ticket raised i we do not have sufficient access(CLOUD-9647) | D2: AWS | E2: i-074a48410c71eec10 | F2: Linux | G2: Active | H2: {"Name":"testing-connectivuty-issue"} | I2: 4a9cdc45-40b2-53a9-9a2e-94c923b36e0f | J2: us-east-1 (242201293832) | K2: e6681d9d-ba7c-5ba4-b1c9-55c0fddad00c | L2: Amazon Linux 2023 (testing-connectivuty-issue) | M2: 2023.6.20250218 (Amazon Linux) | N2: 5e0a79f2-3265-55a3-80d3-39e7c41e1466 | O2: aws-aas-uat | P2: 242201293832 | Q2: fb3ecc75-fa51-50f7-83df-912856289240 | R2: 10.135.40.151 | S2: No | T2: No | U2: Yes
A3: c50c295e-64e1-5b79-ac86-b5027e39910b | B3: osttra-dnm-dev-emr-instances | C3: installed | D3: AWS | E3: i-0f5b03ffce7b6f255 | F3: Linux | G3: Active | H3: {"Category":"credit risk","CostCenter":"Osttra","Deployment_Method":"Terragrunt","Description":"this resource is created for dnm via terraform or terragrunt","Email":"shiva.sharma@osttra.com","Environment":"dev","Name":"osttra-dnm-dev-emr-instances","Owner":"Shiva Sharma","Project":"dnm","RepoUrl":"https://github.com/osttra/terraform-dnm-provisioning","Teams":"CloudEng","aws:elasticmapreduce:instance-group-role":"MASTER","aws:elasticmapreduce:job-flow-id":"j-DM7KMQZXC5WQ"} | I3: b04a10e1-1e0f-5263-8fc3-ab554b486ae1 | J3: us-east-1 (083892454888) | K3: 8ad2e62d-f854-5562-9ec7-0a6e22eda807 | L3: Amazon Linux 2023 (osttra-dnm-dev-emr-instances) | M3: 2023.5.20240819 (Amazon Linux) | N3: 94bd2043-78ee-5ad4-83c4-2d5e29facf2e | O3: aws-cr-dev | P3: 083892454888 | Q3: a018819c-a353-50e2-8e71-acecd5007cbe | R3: 10.133.164.223 | S3: Yes | T3: Yes | U3: no
A4: a57a07d4-0411-5646-a4b7-ad2d435db9de | B4: osttra-dnm-dev-emr-instances | C4: installed | D4: AWS | E4: wiz-representative##Ephemeral_aws:elasticmapreduce:job-flow-id_j-DM7KMQZXC5WQ | F4: Linux | G4: Active | H4: {"Category":"credit risk","CostCenter":"Osttra","Deployment_Method":"Terragrunt","Description":"this resource is created for dnm via terraform or terragrunt","Email":"shiva.sharma@osttra.com","Environment":"dev","Name":"osttra-dnm-dev-emr-instances","Owner":"Shiva Sharma","Project":"dnm","RepoUrl":"https://github.com/osttra/terraform-dnm-provisioning","Teams":"CloudEng","aws:elasticmapreduce:instance-group-role":"MASTER","aws:elasticmapreduce:job-flow-id":"j-DM7KMQZXC5WQ"} | I4: b04a10e1-1e0f-5263-8fc3-ab554b486ae1 | J4: us-east-1 (083892454888) | K4: 6952fc57-5b27-5272-944c-9bf08e536814 | L4: Amazon Linux 2023 (osttra-dnm-dev-emr-instances) | M4: 2023.5.20240819 (Amazon Linux) | N4: 94bd2043-78ee-5ad4-83c4-2d5e29facf2e | O4: aws-cr-dev | P4: 083892454888 | Q4: 6cfa2b74-cb7c-5cee-b69d-0e95af22110f | R4: 10.133.164.158, 10.133.164.163, 10.133.164.243 | S4: no | T4: no | U4: Yes
A5: 60f66b6c-a391-5817-8fba-cb3ec3ad616b | B5: osttra-dnm-qa-emr-instances | C5: cloud ticket raised i we do not have sufficient access(CLOUD-9647) | D5: AWS | E5: i-073b9daf71476511a | F5: Linux | G5: Active | H5: {"Category":"credit risk","CostCenter":"Osttra","Deployment_Method":"Terragrunt","Description":"this resource is created for dnm via terraform or terragrunt","Email":"shiva.sharma@osttra.com","Environment":"qa","Name":"osttra-dnm-qa-emr-instances","Owner":"Shiva Sharma","Project":"dnm","RepoUrl":"https://github.com/osttra/terraform-dnm-provisioning","aws:elasticmapreduce:instance-group-role":"MASTER","aws:elasticmapreduce:job-flow-id":"j-33DTR9YZ28RDE"} | I5: 937c7e1e-a7c8-5e84-8af0-f4d3c00d50bc | J5: us-east-1 (943395393854) | K5: ec2796be-f478-56eb-a861-0bfda68ec5e2 | L5: Amazon Linux 2023 (osttra-dnm-qa-emr-instances) | M5: 2023.6.20241121 (Amazon Linux) | N5: 71e8284d-9e3a-53d6-b933-6eba62f7a697 | O5: aws-cr-qa | P5: 943395393854 | Q5: 018eb9f7-83ab-51b1-b3d1-8b748aef7af8 | R5: 10.133.166.53 | S5: yes | T5: yes | U5: no
A6: 0f4602eb-2566-5fe8-9b2a-25976d91a3c0 | B6: osttra-dnm-qa-emr-instances | C6: cloud ticket raised i we do not have sufficient access(CLOUD-9647) | D6: AWS | E6: wiz-representative##Ephemeral_aws:elasticmapreduce:job-flow-id_j-33DTR9YZ28RDE | F6: Linux | G6: Active | H6: {"Category":"credit risk","CostCenter":"Osttra","Deployment_Method":"Terragrunt","Description":"this resource is created for dnm via terraform or terragrunt","Email":"shiva.sharma@osttra.com","Environment":"qa","Name":"osttra-dnm-qa-emr-instances","Owner":"Shiva Sharma","Project":"dnm","RepoUrl":"https://github.com/osttra/terraform-dnm-provisioning","aws:elasticmapreduce:instance-group-role":"MASTER","aws:elasticmapreduce:job-flow-id":"j-33DTR9YZ28RDE"} | I6: 937c7e1e-a7c8-5e84-8af0-f4d3c00d50bc | J6: us-east-1 (943395393854) | K6: d5166a76-7727-54cb-9402-a58f6bb4b85a | L6: Amazon Linux 2023 (osttra-dnm-qa-emr-instances) | M6: 2023.6.20241121 (Amazon Linux) | N6: 71e8284d-9e3a-53d6-b933-6eba62f7a697 | O6: aws-cr-qa | P6: 943395393854 | Q6: 2056e4fc-68ed-5cc0-a48c-4792b7704d54 | R6: 10.133.166.11, 10.133.166.16, 10.133.166.64 | S6: yes | T6: yes | U6: no
A7: ad68f68c-c68b-51ba-aa31-ff07cf879e70 | B7: osttra-dnm-uat-emr-instances | C7: cloud ticket raised i we do not have sufficient access(CLOUD-9647) | D7: AWS | E7: i-00def31df3797e634 | F7: Linux | G7: Active | H7: {"Category":"credit risk","CostCenter":"Osttra","Deployment_Method":"Terragrunt","Description":"this resource is created for dnm via terraform or terragrunt","Email":"shiva.sharma@osttra.com","Environment":"uat","Name":"osttra-dnm-uat-emr-instances","Owner":"Shiva Sharma","Project":"dnm","RepoUrl":"https://github.com/osttra/terraform-dnm-provisioning","aws:elasticmapreduce:instance-group-role":"CORE","aws:elasticmapreduce:job-flow-id":"j-6Y9REDA2E8B9"} | I7: a5c5f28c-1da9-5f94-9411-518634cf0754 | J7: us-east-1 (801519552827) | K7: 049eb668-9113-549b-84f2-6f8412fbcd60 | L7: Amazon Linux 2023 (osttra-dnm-uat-emr-instances) | M7: 2023.6.20250218 (Amazon Linux) | N7: 71a107e4-5845-5e3b-a255-42d25844eb5d | O7: aws-cr-uat | P7: 801519552827 | Q7: e5f109db-61cd-59b4-98af-5d07f999ac0b | R7: 10.133.176.102 | S7: No | T7: No | U7: Yes
A8: c975acda-856d-5f33-9e86-1d9902bfe2c5 | B8: osttra-dnm-uat-emr-instances | C8: installed | D8: AWS | E8: wiz-representative##Ephemeral_aws:elasticmapreduce:job-flow-id_j-6Y9REDA2E8B9 | F8: Linux | G8: Active | H8: {"Category":"credit risk","CostCenter":"Osttra","Deployment_Method":"Terragrunt","Description":"this resource is created for dnm via terraform or terragrunt","Email":"shiva.sharma@osttra.com","Environment":"uat","Name":"osttra-dnm-uat-emr-instances","Owner":"Shiva Sharma","Project":"dnm","RepoUrl":"https://github.com/osttra/terraform-dnm-provisioning","aws:elasticmapreduce:instance-group-role":"CORE","aws:elasticmapreduce:job-flow-id":"j-6Y9REDA2E8B9"} | I8: a5c5f28c-1da9-5f94-9411-518634cf0754 | J8: us-east-1 (801519552827) | K8: 69c9f7e6-3122-519a-be06-bfc1fcfc590c | L8: Amazon Linux 2023 (osttra-dnm-uat-emr-instances) | M8: 2023.6.20250218 (Amazon Linux) | N8: 71a107e4-5845-5e3b-a255-42d25844eb5d | O8: aws-cr-uat | P8: 801519552827 | Q8: 3a3f14b9-0244-5ea9-a545-0ed2fde1093b | R8: 10.133.176.15, 10.133.176.50, 10.133.176.91 | S8: no | T8: no | U8: Yes
A9: c04c7a46-2539-51e1-965f-0c2f2c007c56 | B9: Bastion-node | D9: AWS | E9: i-081741ef971de8ae3 | F9: Linux | G9: Active | H9: {"Name":"Bastion-node"} | I9: 62f737fe-47e4-550d-93eb-1824528b243a | J9: us-east-1 (471112977791) | K9: 3164c603-58cd-5f84-b6ee-80a68b5cbcbf | L9: Amazon Linux 2023 (Bastion-node) | M9: 2023.5.20240916 (Amazon Linux) | N9: 009871ae-18cd-5805-a399-83e4c9c92fca | O9: aws-diamond-uat | P9: 471112977791 | Q9: deea4713-ef33-5b20-b854-1ea864ae126b | R9: 10.136.1.213 | S9: Yes | T9: Yes | U9: No
A10: 0511b40c-f737-537f-ad6f-a2791b072ff3 | B10: bastion-node | C10: already installed | D10: AWS | E10: i-0526f0681a552872e | F10: Linux | G10: Active | H10: {"Name":"bastion-node","aws:eks:cluster-name":"uat","eks:cluster-name":"uat","eks:nodegroup-name":"fx-baton-uat","k8s.io/cluster-autoscaler/enabled":"true","k8s.io/cluster-autoscaler/uat":"owned","kubernetes.io/cluster/uat":"owned"} | I10: e9c531ac-4742-5944-8352-0ba6c09fe76e | J10: us-west-2 (471112977791) | K10: 4cc2d74d-b305-592d-9587-b2c23684f843 | L10: Amazon Linux 2 (bastion-node) | M10: 2 (Karoo) | N10: 009871ae-18cd-5805-a399-83e4c9c92fca | O10: aws-diamond-uat | P10: 471112977791 | Q10: 12ca29b8-347c-5a54-845c-8ee0bae2a68e | R10: 10.136.16.104, 10.136.16.118, 10.136.16.124, 10.136.16.167, 10.136.16.195, 10.136.16.228, 10.136.16.231, 10.136.16.240, 10.136.16.241, 10.136.16.28, 10.136.16.54, 10.136.16.56, 10.136.16.83, 10.136.16.86, 10.136.17.100, 10.136.17.112, 10.136.17.123, 10.136.17.14, 10.136.17.151, 10.136.17.174, 10.136.17.182, 10.136.17.203, 10.136.17.220, 10.136.17.223, 10.136.17.242, 10.136.17.252, 10.136.17.254, 10.136.17.64, 10.136.17.7, 10.136.17.74, 10.136.17.90 | S10: no | T10: no | U10: Yes
A11: 5fca62e6-448a-5c92-b356-c990c416ded6 | B11: sftp-server | C11: cloud ticket raised i we do not have sufficient access(CLOUD-9647) | D11: AWS | E11: i-0001c34108da47a53 | F11: Linux | G11: Active | H11: {"Name":"sftp-server"} | I11: 03c0fcd3-3e8b-5dea-84af-ff0f603205d0 | J11: us-east-1 (727635021987) | K11: 4cb338af-3dd1-5ffc-8b01-ceba9a344d93 | L11: Amazon Linux 2 (sftp-server) | M11: 2 (Karoo) | N11: 6812388b-5b6a-57d6-851f-fac49d23ef94 | O11: aws-fs-dev | P11: 727635021987 | Q11: b55907ba-70f2-57ce-b39d-e42babb73f7b | R11: 10.134.3.113 | S11: No | T11: No | U11: Yes
A12: b02461ba-c880-5b27-a2b3-d020df06dfc8 | B12: test-automation | D12: AWS | E12: i-0c6778b2ebd40532a | F12: Windows | G12: Active | H12: {"Name":"test-automation"} | I12: 03c0fcd3-3e8b-5dea-84af-ff0f603205d0 | J12: us-east-1 (727635021987) | K12: 79e76412-d8f6-5682-a68a-4c50c466543a | L12: Windows Server 2022 (test-automation) | M12: 20348.1129 | N12: 6812388b-5b6a-57d6-851f-fac49d23ef94 | O12: aws-fs-dev | P12: 727635021987 | Q12: cb320047-5b8e-5a8d-9dcd-96ef545390dd | R12: 10.134.3.95 | S12: No | T12: No | U12: Yes
A13: 58ab542c-82f2-5f6c-8fcb-09a850c34467 | B13: test-crds-cfd-server | C13: cloud ticket raised i we do not have sufficient access(CLOUD-9647) | D13: AWS | E13: i-0bf88df3b742a8dab | F13: Linux | G13: Active | H13: {"Availability":"not_24x7","CostCenter":"Osttra","Environment":"qa","Name":"test-crds-cfd-server","Owner":"Deependra Agarwal","Project":"crds-cfd","value":"test-crds-cfd-server"} | I13: 070d386f-9ff2-5015-b967-e84b2908257c | J13: us-east-1 (707300401698) | K13: 7c1795ac-af6e-5d03-90ee-52a99894e6ab | L13: Amazon Linux 2023 (test-crds-cfd-server) | M13: 2023.6.20250203 (Amazon Linux) | N13: 138e5b65-0ad9-50d8-9976-a6025675b72d | O13: aws-fs-qa | P13: 707300401698 | Q13: ec96e1c8-09c7-5a4b-8070-fcd340278d99 | R13: 10.134.152.115 | S13: No | T13: No | U13: Yes
A14: 523294c7-3ef4-572e-8b4d-8abff6f033d7 | B14: ue1pl-con-ftp-asg | D14: AWS | E14: i-0279632ed55437f9b | F14: Linux | G14: Active | H14: {"Availability":"24x7","Category":"traiana","CostCenter":"Osttra","DeploymentMethod":"Terragrunt","Deployment_Method":"Terragrunt","Description":"This resource is created for tpcore-dmz via terragrunt","Email":"osttra-cloud-enablement@osttra.com","Environment":"ue1p","Name":"ue1pl-con-ftp-asg","Owner":"Cloud Engineering","Project":"tpcore-dmz","RepoUrl":"https://github.com/osttra/terraform-aws-tpcore-dmz-provisioning","aws:ec2launchtemplate:id":"lt-0a3fd5b3a4b0a1ccc","aws:ec2launchtemplate:version":"1"} | I14: 35f0e323-0818-5f67-a7c3-bf95849762e6 | J14: us-east-1 (767397888233) | K14: 42074666-16f0-5a1e-93f9-738e4f528325 | L14: Linux Red Hat (ue1pl-con-ftp-asg) | M14: 9.4 | N14: 1103850b-f940-524b-a276-27930abe7533 | O14: aws-osttra-dmz-prod | P14: 767397888233 | Q14: 6fbe97e3-ed5e-5eae-a250-86545af35bd3 | R14: 10.195.57.234 | S14: Yes | T14: Yes | U14: No
A15: 1f93d62f-7d89-582b-b9c9-6ae97a59c2b0 | B15: ue1pl-con-ftp03 | D15: AWS | E15: i-029cb82491d3d119f | F15: Linux | G15: Active | H15: {"Category":"traiana","CostCenter":"Osttra","Deployment_Method":"Terragrunt","Description":"This resource is created for tpcore-dmz via terragrunt","Email":"osttra-cloud-enablement@osttra.com","Environment":"ue1p","Name":"ue1pl-con-ftp03","Owner":"Cloud Engineering","Project":"tpcore-dmz","RepoUrl":"https://github.com/osttra/terraform-aws-tpcore-dmz-provisioning"} | I15: 35f0e323-0818-5f67-a7c3-bf95849762e6 | J15: us-east-1 (767397888233) | K15: 94a1aacf-44c8-5f7f-9da1-c1fe8bca5f97 | L15: Linux Red Hat (ue1pl-con-ftp03) | M15: 9.4 | N15: 1103850b-f940-524b-a276-27930abe7533 | O15: aws-osttra-dmz-prod | P15: 767397888233 | Q15: a37bf00a-7b6d-51e9-aeb6-5e48e1904f6f | R15: 10.195.54.170 | S15: Yes | T15: Yes | U15: No
A16: 140e3ba6-594b-5d1b-a826-6e740da90f86 | B16: ue1pl-con-ftp02 | D16: AWS | E16: i-02bfbbd6d4d6be083 | F16: Linux | G16: Active | H16: {"Category":"traiana","CostCenter":"Osttra","Deployment_Method":"Terragrunt","Description":"This resource is created for tpcore-dmz via terragrunt","Email":"osttra-cloud-enablement@osttra.com","Environment":"ue1p","Name":"ue1pl-con-ftp02","Owner":"Cloud Engineering","Project":"tpcore-dmz","RepoUrl":"https://github.com/osttra/terraform-aws-tpcore-dmz-provisioning"} | I16: 35f0e323-0818-5f67-a7c3-bf95849762e6 | J16: us-east-1 (767397888233) | K16: f337fae4-9cea-5297-981f-be9d692c7334 | L16: Linux Red Hat (ue1pl-con-ftp02) | M16: 9.4 | N16: 1103850b-f940-524b-a276-27930abe7533 | O16: aws-osttra-dmz-prod | P16: 767397888233 | Q16: 8da95ca3-cc35-57ca-99e2-34d9bbfdd3dc | R16: 10.195.57.252 | S16: Yes | T16: Yes | U16: No
A17: 4baaaeab-8fab-50b9-b215-29a286f9f897 | B17: ue1pl-sh2-mq01 | D17: AWS | E17: i-02e57e4d38f0e4c5d | F17: Linux | G17: Active | H17: {"Category":"traiana","CostCenter":"Osttra","Deployment_Method":"Terragrunt","Description":"this resource is created for tpcore-dmz via terraform or terragrunt","Email":"osttra-cloud-enablement@osttra.com","Environment":"ue1p","Name":"ue1pl-sh2-mq01","Owner":"Cloud Engineering","Project":"tpcore-dmz","RepoUrl":"https://github.com/osttra/terraform-aws-tpcore-dmz-provisioning","ec2-backup":"false","fw_app":"mq-sh2","fw_default":"true","fw_env":"prod","fw_nat":"shared"} | I17: 35f0e323-0818-5f67-a7c3-bf95849762e6 | J17: us-east-1 (767397888233) | K17: 3056aab4-b6a2-52de-b264-9b26a28ab1dc | L17: Linux Red Hat (ue1pl-sh2-mq01) | M17: 9.4 | N17: 1103850b-f940-524b-a276-27930abe7533 | O17: aws-osttra-dmz-prod | P17: 767397888233 | Q17: 5fa3aca0-5d20-55ef-a9c3-0775561e1bca | R17: 10.195.55.193 | S17: Yes | T17: Yes | U17: No
A18: bb8782b6-449a-5d8a-b1d6-dee4b7daa574 | B18: ue1pl-lh-mqext01 | D18: AWS | E18: i-0365a7135132818de | F18: Linux | G18: Active | H18: {"Category":"traiana","CostCenter":"Osttra","Deployment_Method":"Terragrunt","Description":"this resource is created for tpcore-dmz via terraform or terragrunt","Email":"osttra-cloud-enablement@osttra.com","Environment":"ue1p","Name":"ue1pl-lh-mqext01","Owner":"Cloud Engineering","Project":"tpcore-dmz","RepoUrl":"https://github.com/osttra/terraform-aws-tpcore-dmz-provisioning","cost-center:app":"limithub","cost-center:category":"app","cost-center:email":"dl-limithub-development@osttra.com","cost-center:env":"prod","cost-center:owner":"limithub-team","ec2-backup":"true","fw_app":"mqext","fw_default":"true","fw_env":"prod","fw_nat":"limithub"} | I18: 35f0e323-0818-5f67-a7c3-bf95849762e6 | J18: us-east-1 (767397888233) | K18: fec69c68-fbd8-577a-a0cc-64e49c1a9bff | L18: Linux Red Hat (ue1pl-lh-mqext01) | M18: 9.4 | N18: 1103850b-f940-524b-a276-27930abe7533 | O18: aws-osttra-dmz-prod | P18: 767397888233 | Q18: 6cb2cbad-d8f0-5cc3-8f17-a2a814f7f0ee | R18: 10.195.54.124 | S18: Yes | T18: Yes | U18: No
A19: 99bcdf5c-5259-5363-9599-ff4a7dce61db | B19: ue1pl-sh2-mq02 | D19: AWS | E19: i-0375514b5dc9e84f0 | F19: Linux | G19: Active | H19: {"Category":"traiana","CostCenter":"Osttra","Deployment_Method":"Terragrunt","Description":"this resource is created for tpcore-dmz via terraform or terragrunt","Email":"osttra-cloud-enablement@osttra.com","Environment":"ue1p","Name":"ue1pl-sh2-mq02","Owner":"Cloud Engineering","Project":"tpcore-dmz","RepoUrl":"https://github.com/osttra/terraform-aws-tpcore-dmz-provisioning","ec2-backup":"false","fw_app":"mq-sh2","fw_default":"true","fw_env":"prod","fw_nat":"shared"} | I19: 35f0e323-0818-5f67-a7c3-bf95849762e6 | J19: us-east-1 (767397888233) | K19: fb042d39-d3e6-5513-83cf-fb220983e380 | L19: Linux Red Hat (ue1pl-sh2-mq02) | M19: 9.4 | N19: 1103850b-f940-524b-a276-27930abe7533 | O19: aws-osttra-dmz-prod | P19: 767397888233 | Q19: 08f8b97e-36bf-5e4a-8000-c3fec88a4b09 | R19: 10.195.57.44 | S19: Yes | T19: Yes | U19: No
A20: 9191838d-89ad-547f-a96a-c7a3ccfe41b2 | B20: ue1p-inf-phdc2 | D20: AWS | E20: i-03d2b3c08cec533c0 | F20: Windows | G20: Active | H20: {"Name":"ue1p-inf-phdc2"} | I20: 35f0e323-0818-5f67-a7c3-bf95849762e6 | J20: us-east-1 (767397888233) | K20: 091f0027-b869-50b6-be32-d9931dde1bee | L20: Windows Server 2019 (ue1p-inf-phdc2) | M20: 17763.8511 | N20: 1103850b-f940-524b-a276-27930abe7533 | O20: aws-osttra-dmz-prod | P20: 767397888233 | Q20: 4eba58d6-12d2-5f9c-a3f8-fa10ca6015a4 | R20: 10.195.56.17 | S20: Yes | T20: Yes | U20: No
A21: 19f38a06-ccd9-5b03-9eb7-61ddd5ad1f1a | B21: ue1pl-sh-test-mq01 | D21: AWS | E21: i-055817efcf1837186 | F21: Linux | G21: Active | H21: {"Category":"traiana","CostCenter":"Osttra","Deployment_Method":"Terragrunt","Description":"This resource is created for tpcore-dmz via terragrunt","Email":"osttra-cloud-enablement@osttra.com","Environment":"ue1p","Name":"ue1pl-sh-test-mq01","Owner":"Cloud Engineering","Project":"tpcore-dmz","RepoUrl":"https://github.com/osttra/terraform-aws-tpcore-dmz-provisioning","ec2-backup":"false","fw_app":"mq-sh-test","fw_default":"true","fw_env":"prod","fw_nat":"shared"} | I21: 35f0e323-0818-5f67-a7c3-bf95849762e6 | J21: us-east-1 (767397888233) | K21: 42377173-15a3-503b-9cde-b0a78cea51ce | L21: Linux Red Hat (ue1pl-sh-test-mq01) | M21: 9.4 | N21: 1103850b-f940-524b-a276-27930abe7533 | O21: aws-osttra-dmz-prod | P21: 767397888233 | Q21: 1ffdbc78-80c2-5b7d-a9e6-cc7e6963394d | R21: 10.195.54.252 | S21: Yes | T21: Yes | U21: No
A22: 92515cb9-499b-56e6-aed2-e8f4c95f06e9 | B22: ue1pl-sh-test-mq02 | D22: AWS | E22: i-06a0c15220549e0b4 | F22: Linux | G22: Active | H22: {"Category":"traiana","CostCenter":"Osttra","Deployment_Method":"Terragrunt","Description":"This resource is created for tpcore-dmz via terragrunt","Email":"osttra-cloud-enablement@osttra.com","Environment":"ue1p","Name":"ue1pl-sh-test-mq02","Owner":"Cloud Engineering","Project":"tpcore-dmz","RepoUrl":"https://github.com/osttra/terraform-aws-tpcore-dmz-provisioning","ec2-backup":"false","fw_app":"mq-sh-test","fw_default":"true","fw_env":"prod","fw_nat":"shared"} | I22: 35f0e323-0818-5f67-a7c3-bf95849762e6 | J22: us-east-1 (767397888233) | K22: 0264722b-9af3-50c8-8d4f-770c8d8fbb20 | L22: Linux Red Hat (ue1pl-sh-test-mq02) | M22: 9.4 | N22: 1103850b-f940-524b-a276-27930abe7533 | O22: aws-osttra-dmz-prod | P22: 767397888233 | Q22: bf8cfa69-8744-5a5f-8fb9-911f71ca725c | R22: 10.195.56.243 | S22: Yes | T22: Yes | U22: No
A23: fc7b36e3-f35a-5f54-a005-56d218e25854 | B23: ue1p-inf-phdc1 | D23: AWS | E23: i-0736c3193908c8e61 | F23: Windows | G23: Active | H23: {"Name":"ue1p-inf-phdc1"} | I23: 35f0e323-0818-5f67-a7c3-bf95849762e6 | J23: us-east-1 (767397888233) | K23: 4add5b1c-4711-5b47-8231-4a2f5c3ea85d | L23: Windows Server 2019 (ue1p-inf-phdc1) | M23: 17763.8511 | N23: 1103850b-f940-524b-a276-27930abe7533 | O23: aws-osttra-dmz-prod | P23: 767397888233 | Q23: 3e380545-4ffc-55f5-b41e-e5d1a3d88771 | R23: 10.195.54.95 | S23: Yes | T23: Yes | U23: No
A24: 2350365a-542d-58aa-8aeb-030d980caa50 | B24: ue1pw-con-ftp2 | D24: AWS | E24: i-07e68cc69ac89aa75 | F24: Windows | G24: Active | H24: {"Name":"ue1pw-con-ftp2"} | I24: 35f0e323-0818-5f67-a7c3-bf95849762e6 | J24: us-east-1 (767397888233) | K24: 9c4e2bdf-753c-5a68-ab14-01c437990ea7 | L24: Windows Server 2019 (ue1pw-con-ftp2) | M24: 17763.6893 | N24: 1103850b-f940-524b-a276-27930abe7533 | O24: aws-osttra-dmz-prod | P24: 767397888233 | Q24: d25b1ff3-3616-57cb-bc09-4883e3b766e4 | R24: 10.195.55.95 | S24: Yes | T24: Yes | U24: No
A25: 8c648e9d-2c5f-51e6-9975-632395d8def2 | B25: nginx-fsx-1 | D25: AWS | E25: i-09b67a718092cd38a | F25: Linux | G25: Active | H25: {"Name":"nginx-fsx-1"} | I25: 35f0e323-0818-5f67-a7c3-bf95849762e6 | J25: us-east-1 (767397888233) | K25: 540c2c24-125e-5ea7-b85c-46c1b6093825 | L25: Amazon Linux 2023 (nginx-fsx-1) | M25: 2023.10.20260302 (Amazon Linux) | N25: 1103850b-f940-524b-a276-27930abe7533 | O25: aws-osttra-dmz-prod | P25: 767397888233 | Q25: a484ae36-816b-55f7-b348-ae12a3a623e7 | R25: 10.195.54.239 | S25: Yes | T25: Yes | U25: No
... A47: b5a6324b-f011-5847-883b-1fe46450aad9 | B47: ue2pl-lh-mqext02 | D47: AWS | E47: i-0e121cd32606f802e | F47: Linux | G47: Active | H47: {"Category":"traiana","CostCenter":"Osttra","Deployment_Method":"Terragrunt","Description":"this resource is created for tpcore-dmz via terraform or terragrunt","Email":"osttra-cloud-enablement@osttra.com","Environment":"ue2p","Name":"ue2pl-lh-mqext02","Owner":"Cloud Engineering","Project":"tpcore-dmz","RepoUrl":"https://github.com/osttra/terraform-aws-tpcore-dmz-provisioning","cost-center:app":"limithub","cost-center:category":"app","cost-center:email":"dl-limithub-development@osttra.com","cost-center:env":"prod","cost-center:owner":"limithub-team","ec2-backup":"true","fw_app":"mqext","fw_default":"true","fw_env":"prod","fw_nat":"limithub"} | I47: d1052f70-beb0-5b2e-8d0b-2b78fe8a5820 | J47: us-east-2 (767397888233) | K47: fb3c2493-e9da-5e33-bf18-fd2a77740493 | L47: Linux Red Hat (ue2pl-lh-mqext02) | M47: 9.4 | N47: 1103850b-f940-524b-a276-27930abe7533 | O47: aws-osttra-dmz-prod | P47: 767397888233 | Q47: 08ec830f-ca22-5e38-b0cc-f3d0bcdc865f | R47: 10.188.137.109 | S47: Yes | T47: Yes | U47: No
A48: a6e6d9b2-8ed1-5c7b-b119-fdcccdd0e129 | B48: Satellite-server | C48: already installed | D48: AWS | E48: i-0e3190d3603f5c714 | F48: Linux | G48: Active | H48: {"Name":"Satellite-server"} | I48: d1052f70-beb0-5b2e-8d0b-2b78fe8a5820 | J48: us-east-2 (767397888233) | K48: 5b9af5c6-ea26-5ab2-ae64-3e970f585be3 | L48: Linux Red Hat (Satellite-server) | M48: 9.5 | N48: 1103850b-f940-524b-a276-27930abe7533 | O48: aws-osttra-dmz-prod | P48: 767397888233 | Q48: 3e1f02fe-1531-5b0d-b090-8e6f2366e220 | R48: 10.188.134.84 | S48: no | T48: no | U48: Yes
A49: 271c2ae4-099c-5307-87c1-7f3678c0c1cc | B49: ue2pl-sh2-mq02 | D49: AWS | E49: i-0e73505053711e0a9 | F49: Linux | G49: Active | H49: {"Category":"traiana","CostCenter":"Osttra","Deployment_Method":"Terragrunt","Description":"this resource is created for tpcore-dmz via terraform or terragrunt","Email":"osttra-cloud-enablement@osttra.com","Environment":"ue2p","Name":"ue2pl-sh2-mq02","Owner":"Cloud Engineering","Project":"tpcore-dmz","RepoUrl":"https://github.com/osttra/terraform-aws-tpcore-dmz-provisioning","ec2-backup":"false","fw_app":"mq-sh2","fw_default":"true","fw_env":"prod","fw_nat":"shared"} | I49: d1052f70-beb0-5b2e-8d0b-2b78fe8a5820 | J49: us-east-2 (767397888233) | K49: 95b4fa93-0791-5d47-9620-8b7d4226d1d0 | L49: Linux Red Hat (ue2pl-sh2-mq02) | M49: 9.4 | N49: 1103850b-f940-524b-a276-27930abe7533 | O49: aws-osttra-dmz-prod | P49: 767397888233 | Q49: 116ecdfd-9ffd-578f-aaed-e240f96fe542 | R49: 10.188.137.72 | S49: Yes | T49: Yes | U49: No
A50: 26bd8694-6fbb-58ee-bb8b-253d034463ce | B50: ue2ul-ust-mqe1 | D50: AWS | E50: i-0ef74a673e118d602 | F50: Linux | G50: Active | H50: {"Category":"traiana","CostCenter":"Osttra","Deployment_Method":"Terragrunt","Description":"this resource is created for tpcore-dmz via terraform or terragrunt","Email":"osttra-cloud-enablement@osttra.com","Environment":"ue2u","Name":"ue2ul-ust-mqe1","Owner":"Cloud Engineering","Project":"tpcore-dmz","RepoUrl":"https://github.com/osttra/terraform-aws-tpcore-dmz-provisioning"} | I50: d1052f70-beb0-5b2e-8d0b-2b78fe8a5820 | J50: us-east-2 (767397888233) | K50: 93c7454d-4050-5aa0-8312-d3d15d1c367e | L50: Linux Red Hat (ue2ul-ust-mqe1) | M50: 9.4 | N50: 1103850b-f940-524b-a276-27930abe7533 | O50: aws-osttra-dmz-prod | P50: 767397888233 | Q50: f7336f1f-4cf7-5de8-846f-baf744f0d14c | R50: 10.188.135.165 | S50: Yes | T50: Yes | U50: No
A51: 16ab6750-62d5-5f75-902f-71e87ffb2880 | B51: ue2p-ext-prmdc2 | D51: AWS | E51: i-0f146150840217527 | F51: Windows | G51: Active | H51: {"Name":"ue2p-ext-prmdc2"} | I51: d1052f70-beb0-5b2e-8d0b-2b78fe8a5820 | J51: us-east-2 (767397888233) | K51: e66c574c-dd08-54d0-b268-82ab37275d1f | L51: Windows Server 2019 (ue2p-ext-prmdc2) | M51: 17763.8511 | N51: 1103850b-f940-524b-a276-27930abe7533 | O51: aws-osttra-dmz-prod | P51: 767397888233 | Q51: 4e5647b8-3513-5610-8d24-314900222c6a | R51: 10.188.136.200 | S51: Yes | T51: Yes | U51: No
A52: a66e18b1-565b-55ad-83ba-94d577dba930 | B52: ue2p-inf-phdc2 | D52: AWS | E52: i-0f71f067ab9f5dffd | F52: Windows | G52: Active | H52: {"Name":"ue2p-inf-phdc2"} | I52: d1052f70-beb0-5b2e-8d0b-2b78fe8a5820 | J52: us-east-2 (767397888233) | K52: 57701e6a-562a-51b6-a5a5-2e0e644c6a85 | L52: Windows Server 2019 (ue2p-inf-phdc2) | M52: 17763.8511 | N52: 1103850b-f940-524b-a276-27930abe7533 | O52: aws-osttra-dmz-prod | P52: 767397888233 | Q52: b5f4a5a9-33d9-5ba9-b7b0-bf8a53f99382 | R52: 10.188.137.20 | S52: Yes | T52: Yes | U52: No
A53: 6a64fddc-822f-5b97-9cac-034b653de04e | B53: ue2p-inf-lum3 | D53: AWS | E53: i-0f8a0f98b7fc12229 | F53: Linux | G53: Active | H53: {"Category":"traiana-dr","CostCenter":"Osttra","Deployment_Method":"Terragrunt","Description":"this resource is created for tpcore-dmz via terraform or terragrunt","Email":"osttra-cloud-enablement@osttra.com","Environment":"dr","Name":"ue2p-inf-lum3","Owner":"Cloud Engineering","Project":"tpcore-dmz","RepoUrl":"https://github.com/osttra/terraform-aws-tpcore-dmz-provisioning"} | I53: d1052f70-beb0-5b2e-8d0b-2b78fe8a5820 | J53: us-east-2 (767397888233) | K53: bcbf1906-d860-570f-9dab-9423d4d52e15 | L53: Linux Red Hat (ue2p-inf-lum3) | M53: 9.4 | N53: 1103850b-f940-524b-a276-27930abe7533 | O53: aws-osttra-dmz-prod | P53: 767397888233 | Q53: ab7f8570-d385-5163-8975-b3168bb93824 | R53: 10.188.135.203 | S53: Yes | T53: Yes | U53: No
A54: ca665d7e-1f27-5195-8cf6-609bb295e80b | B54: test-webserver-tsa | C54: working with network team to get access | D54: AWS, Networking | E54: i-0bedc331766074afc | F54: Linux | G54: Active | H54: {"CostCenter":"Osttra","Deployment_Method":"Terragrunt","Description":"This resource is created for osttra-network","Email":"network@osttra.com","Environment":"PROD","Name":"test-webserver-tsa","Owner":"osttra-network","Project":"osttra-network"} | I54: 36274844-cf73-5b85-9ee5-b3549348b79d | J54: ap-south-1 (161441385277) | K54: 7ef9f144-9da7-5dc1-9bbe-6b75e8f54982 | L54: Amazon Linux 2023 (test-webserver-tsa) | M54: 2023.5.20240708 (Amazon Linux) | N54: a918d5cb-5ffb-508d-93bd-76abaf4294b5 | O54: aws-osttra-network | P54: 161441385277 | Q54: 8409aa29-c74c-5148-a8fe-8f7ccb00d004 | R54: 10.196.1.81, 15.206.75.153, ec2-15-206-75-153.ap-south-1.compute.amazonaws.com | S54: No | T54: No | U54: Yes
A55: edb8d9b3-2048-5038-b4b0-af07122f8da0 | B55: test-ubuntu-alloy-vm | C55: working with network team to get access | D55: AWS, Networking | E55: i-038f7db7c40c7d3ce | F55: Linux | G55: Active | H55: {"Name":"test-ubuntu-alloy-vm"} | I55: f645dd2c-054d-5e23-9b46-57eceac46ebc | J55: eu-north-1 (161441385277) | K55: 3b7fee0b-3576-5b81-b15f-55a987418a8e | L55: Linux Ubuntu (test-ubuntu-alloy-vm) | M55: 24.04.2 | N55: a918d5cb-5ffb-508d-93bd-76abaf4294b5 | O55: aws-osttra-network | P55: 161441385277 | Q55: be4fcf9d-6a1f-530d-9979-df772cfb3355 | R55: 10.196.254.94 | S55: No | T55: No | U55: Yes
A56: d6fcd538-84c8-585a-9afa-4478851eb970 | B56: osttra-network-prod-syslog-eu-west-1a | C56: working with network team to get access | D56: AWS, Networking | E56: i-00529f1f6530063aa | F56: Linux | G56: Active | H56: {"AccountName":"aws-osttra-network","AccountNo":"161441385277","CostCenter":"Osttra","Deployment_Method":"Terragrunt","Description":"This resource is created for osttra-network via terraform or terragrunt","Email":"network@osttra.com","Environment":"Prod","Name":"osttra-network-prod-syslog-eu-west-1a","Owner":"OSTTRA Network","Project":"osttra-network","RepoUrl":"https://github.com/osttra/aws-network-deploy"} | I56: 57553cad-b73c-5cf7-a1de-ce0558cc0ba7 | J56: eu-west-1 (161441385277) | K56: d5a165b2-0481-5941-95fb-6dd6023e124c | L56: Linux Ubuntu (osttra-network-prod-syslog-eu-west-1a) | M56: 22.04.4 | N56: a918d5cb-5ffb-508d-93bd-76abaf4294b5 | O56: aws-osttra-network | P56: 161441385277 | Q56: 5782eaa1-f5c3-5052-ad93-0ca9f770fcb7 | R56: 10.196.253.12 | S56: No | T56: No | U56: Yes
A57: 2fc494d2-fae4-5690-8e66-2ba7b71be752 | B57: osttra-network-prod-zabbix-server-eu-west-1a | C57: working with network team to get access | D57: AWS, Networking | E57: i-03e3344fbdef07ec3 | F57: Linux | G57: Active | H57: {"AccountName":"aws-osttra-network","AccountNo":"161441385277","CostCenter":"Osttra","Deployment_Method":"Terragrunt","Description":"This resource is created for osttra-network via terraform or terragrunt","Email":"network@osttra.com","Environment":"Prod","Name":"osttra-network-prod-zabbix-server-eu-west-1a","Owner":"OSTTRA Network","Project":"osttra-network","RepoUrl":"https://github.com/osttra/aws-network-deploy","aws_backup_plan":"backup_daily-retention_weekly"} | I57: 57553cad-b73c-5cf7-a1de-ce0558cc0ba7 | J57: eu-west-1 (161441385277) | K57: ed176991-d138-537f-8322-afddbde426b6 | L57: Linux Ubuntu (osttra-network-prod-zabbix-server-eu-west-1a) | M57: 20.04.6 | N57: a918d5cb-5ffb-508d-93bd-76abaf4294b5 | O57: aws-osttra-network | P57: 161441385277 | Q57: 3790ef3b-0f1f-5187-af48-2c26ba9065b6 | R57: 10.196.252.199 | S57: No | T57: No | U57: Yes
A58: 6a2cbd33-77d6-52b8-82cf-57368c189864 | B58: Network_Automation_GITHUB_Runner_debian | C58: working with network team to get access | D58: AWS, Networking | E58: i-05166dfc3bdff5904 | F58: Linux | G58: Active | H58: {"CostCenter":"Osttra","Deployment_Method":"Terragrunt","Description":"This resource is created for lets_encrypt testing","Email":"network@osttra.com","Environment":"TEST","Name":"Network_Automation_GITHUB_Runner_debian","Owner":"osttra-network","Project":"osttra-network","RepoUrl":"Network"} | I58: 57553cad-b73c-5cf7-a1de-ce0558cc0ba7 | J58: eu-west-1 (161441385277) | K58: 26f83fae-716a-5779-bd7d-e9f9757c686e | L58: Linux Debian (Network_Automation_GITHUB_Runner_debian) | M58: 12.13 | N58: a918d5cb-5ffb-508d-93bd-76abaf4294b5 | O58: aws-osttra-network | P58: 161441385277 | Q58: 1f7a8423-d4c3-5e7e-b5a5-a9ad6d59a383 | R58: 10.196.252.44 | S58: No | T58: No | U58: Yes
A59: aa1bc54c-6365-582f-b301-16213ffe3455 | B59: osttra-network-prod-ntp-eu-west-1a | C59: working with network team to get access | D59: AWS, Networking | E59: i-079cad43e82b95e0f | F59: Linux | G59: Active | H59: {"AccountName":"aws-osttra-network","AccountNo":"161441385277","CostCenter":"Osttra","Deployment_Method":"Terragrunt","Description":"This resource is created for osttra-network via terraform or terragrunt","Email":"network@osttra.com","Environment":"Prod","Name":"osttra-network-prod-ntp-eu-west-1a","Owner":"OSTTRA Network","Project":"osttra-network","RepoUrl":"https://github.com/osttra/aws-network-deploy"} | I59: 57553cad-b73c-5cf7-a1de-ce0558cc0ba7 | J59: eu-west-1 (161441385277) | K59: 452365e7-ebb2-50fc-b09e-8960a4c9f54b | L59: Linux Ubuntu (osttra-network-prod-ntp-eu-west-1a) | M59: 22.04.4 | N59: a918d5cb-5ffb-508d-93bd-76abaf4294b5 | O59: aws-osttra-network | P59: 161441385277 | Q59: 2a129868-c7d5-59b2-8d8f-f126df6c11f2 | R59: 10.196.252.105 | S59: No | T59: No | U59: Yes
A60: 11434022-ecbd-5d94-8434-619eba7f8660 | B60: osttra-network-prod-ntp-eu-west-1b | C60: working with network team to get access | D60: AWS, Networking | E60: i-0913264e9c0836942 | F60: Linux | G60: Active | H60: {"AccountName":"aws-osttra-network","AccountNo":"161441385277","CostCenter":"Osttra","Deployment_Method":"Terragrunt","Description":"This resource is created for osttra-network via terraform or terragrunt","Email":"network@osttra.com","Environment":"Prod","Name":"osttra-network-prod-ntp-eu-west-1b","Owner":"OSTTRA Network","Project":"osttra-network","RepoUrl":"https://github.com/osttra/aws-network-deploy"} | I60: 57553cad-b73c-5cf7-a1de-ce0558cc0ba7 | J60: eu-west-1 (161441385277) | K60: 2ef0e21b-e994-58a8-b11b-39872e2d3f4e | L60: Linux Ubuntu (osttra-network-prod-ntp-eu-west-1b) | M60: 22.04.4 | N60: a918d5cb-5ffb-508d-93bd-76abaf4294b5 | O60: aws-osttra-network | P60: 161441385277 | Q60: b9e20685-2e3e-5e0d-a184-b43e9a76a3f4 | R60: 10.196.252.121 | S60: No | T60: No | U60: Yes
A61: a1bdd559-9e51-5e91-b473-9da7bb821d27 | B61: network-web-server-instance | C61: installed now | D61: AWS, Networking | E61: i-0a7dc26511415f775 | F61: Linux | G61: Active | H61: {"CostCenter":"Osttra","DeploymentMethod":"Terragrunt","Deployment_Method":"Terragrunt","Description":"This resource is created for osttra-network via terraform or terragrunt","Email":"network@osttra.com","Environment":"PROD","Name":"network-web-server-instance","Owner":"osttra-network","Project":"osttra-network","RepoUrl":"https://github.com/osttra/aws-network-deploy"} | I61: 57553cad-b73c-5cf7-a1de-ce0558cc0ba7 | J61: eu-west-1 (161441385277) | K61: e2cd215f-170a-5c76-908a-ba9ac02937b1 | L61: Amazon Linux 2023 (network-web-server-instance) | M61: 2023.9.20250929 (Amazon Linux) | N61: a918d5cb-5ffb-508d-93bd-76abaf4294b5 | O61: aws-osttra-network | P61: 161441385277 | Q61: 487d6c4e-d52e-543d-b68c-e1a559b776ac | R61: 10.196.253.29 | S61: No | T61: No | U61: Yes
A62: 069926ae-0a52-5820-ac20-eb797645455c | B62: osttra-network-prod-zabbix-server-eu-west-1b | C62: working with network team to get access | D62: AWS, Networking | E62: i-0e861d307d97e29be | F62: Linux | G62: Active | H62: {"AccountName":"aws-osttra-network","AccountNo":"161441385277","CostCenter":"Osttra","Deployment_Method":"Terragrunt","Description":"This resource is created for osttra-network via terraform or terragrunt","Email":"network@osttra.com","Environment":"Prod","Name":"osttra-network-prod-zabbix-server-eu-west-1b","Owner":"OSTTRA Network","Project":"osttra-network","RepoUrl":"https://github.com/osttra/aws-network-deploy","aws_backup_plan":"backup_daily-retention_weekly"} | I62: 57553cad-b73c-5cf7-a1de-ce0558cc0ba7 | J62: eu-west-1 (161441385277) | K62: 2b9932ff-42b0-5f88-aae6-e46e36dc3ceb | L62: Linux Ubuntu (osttra-network-prod-zabbix-server-eu-west-1b) | M62: 20.04.6 | N62: a918d5cb-5ffb-508d-93bd-76abaf4294b5 | O62: aws-osttra-network | P62: 161441385277 | Q62: d612d753-8dfd-5f73-95d6-3c5c147cd16e | R62: 10.196.252.220 | S62: No | T62: No | U62: Yes
A63: 0072d6fc-2d19-5e6f-8897-4593cfcc7c6e | B63: Network_Automation_GITHUB_Runner | C63: installed now | D63: AWS, Networking | E63: i-00eeb2f13c323c824 | F63: Linux | G63: Active | H63: {"CostCenter":"Osttra","Description":"This resource is created for osttra-network","Email":"network@osttra.com","Environment":"Prod","Name":"Network_Automation_GITHUB_Runner","Owner":"osttra-network","Project":"osttra-network","RepoUrl":"Network"} | I63: afc6b70e-66a3-5a28-87db-9c030a4112c1 | J63: us-east-1 (161441385277) | K63: fb5695a0-22b8-5439-87c9-dfbf969526f0 | L63: Amazon Linux 2023 (Network_Automation_GITHUB_Runner) | M63: 2023.7.20250428 (Amazon Linux) | N63: a918d5cb-5ffb-508d-93bd-76abaf4294b5 | O63: aws-osttra-network | P63: 161441385277 | Q63: 4a1809ae-3949-53cb-8e8f-b4e79ba54884 | R63: 10.196.72.5 | S63: No | T63: No | U63: Yes
A64: 1bad4782-8034-5756-b4ad-71e142e8ed4b | B64: osttra-network-prod-git-runner-docker-us-east-1a | C64: installed now | D64: AWS, Networking | E64: i-03132e07fc678e204 | F64: Linux | G64: Active | H64: {"AccountName":"aws-osttra-network","AccountNo":"161441385277","CostCenter":"Osttra","Deployment_Method":"Terragrunt","Description":"This resource is created for osttra-network via terraform or terragrunt","Email":"network@osttra.com","Environment":"Prod","Name":"osttra-network-prod-git-runner-docker-us-east-1a","Owner":"OSTTRA Network","Project":"osttra-network","RepoUrl":"https://github.com/osttra/aws-network-deploy"} | I64: afc6b70e-66a3-5a28-87db-9c030a4112c1 | J64: us-east-1 (161441385277) | K64: d08334b3-996e-5c0d-9cec-fb2808b40213 | L64: Amazon Linux 2023 (osttra-network-prod-git-runner-docker-us-east-1a) | M64: 2023.9.20251110 (Amazon Linux) | N64: a918d5cb-5ffb-508d-93bd-76abaf4294b5 | O64: aws-osttra-network | P64: 161441385277 | Q64: 1757f721-c80b-5d35-b3ac-26370578eec3 | R64: 10.196.72.156 | S64: No | T64: No | U64: Yes
A65: b0e515e0-9b3f-5b1e-8ec2-c21029319416 | B65: osttra-network-prod-ntp-us-east-1a | C65: working with network team to get access | D65: AWS, Networking | E65: i-03e523a37a83da658 | F65: Linux | G65: Active | H65: {"AccountName":"aws-osttra-network","AccountNo":"161441385277","CostCenter":"Osttra","Deployment_Method":"Terragrunt","Description":"This resource is created for osttra-network via terraform or terragrunt","Email":"network@osttra.com","Environment":"Prod","Name":"osttra-network-prod-ntp-us-east-1a","Owner":"OSTTRA Network","Project":"osttra-network","RepoUrl":"https://github.com/osttra/aws-network-deploy"} | I65: afc6b70e-66a3-5a28-87db-9c030a4112c1 | J65: us-east-1 (161441385277) | K65: 3a38ee9e-2408-5b31-87bc-9b511ac96a79 | L65: Linux Ubuntu (osttra-network-prod-ntp-us-east-1a) | M65: 22.04.4 | N65: a918d5cb-5ffb-508d-93bd-76abaf4294b5 | O65: aws-osttra-network | P65: 161441385277 | Q65: f9b2fc4e-a1ab-5b3c-bb33-5f949afd847e | R65: 10.196.72.102 | S65: No | T65: No | U65: Yes
... A71: e57bde70-7461-54f6-baf0-1904dad3eca5 | B71: test-server-infra-vpc | C71: working with network team to get access | D71: AWS, Networking | E71: i-04b004e00710c0db0 | F71: Linux | G71: Active | H71: {"Name":"test-server-infra-vpc"} | I71: 81ff0212-a275-507a-b1db-9d2d95fa257c | J71: us-east-2 (161441385277) | K71: 578341cc-edeb-5ee7-a679-1d59720f4727 | L71: Amazon Linux 2023 (test-server-infra-vpc) | M71: 2023.7.20250414 (Amazon Linux) | N71: a918d5cb-5ffb-508d-93bd-76abaf4294b5 | O71: aws-osttra-network | P71: 161441385277 | Q71: 7ddf02fe-c5a4-52f6-bb45-a7874dcdecce | R71: 10.196.112.79 | S71: No | T71: No | U71: Yes
A72: 7115a770-b80a-516f-889c-a8d44cae41a3 | B72: osttra-limithub-app-rhel7-nft-server-new | D72: AWS | E72: i-05235d1b3ce4a37ef | F72: Linux | G72: Active | H72: {"Backup":"Daily","Name":"osttra-limithub-app-rhel7-nft-server-new","application":"limithub"} | I72: deb026f1-3626-5d05-a6ec-b3ffdf3ee179 | J72: us-east-1 (339713138439) | K72: e43d3b71-1fca-58d4-8bde-e300f4044a1e | L72: Linux Red Hat (osttra-limithub-app-rhel7-nft-server-new) | M72: 7.9 | N72: 3f6f27a3-3eec-579b-b3ca-f4e581fb99b9 | O72: aws-osttra-nft | P72: 339713138439 | Q72: e2053860-bad2-53f3-ae3c-ecd75d949eb0 | R72: 10.136.8.235 | S72: Yes | T72: Yes | U72: No
A73: 45a891a5-34cc-559c-b466-0128273482c0 | B73: osttra-ic-nft-osttra-nft-mq-lh-1-internal | C73: already installed | D73: AWS | E73: i-0909828a5813796b6 | F73: Linux | G73: Active | H73: {"Category":"nft","CostCenter":"Osttra","Created_By":"Jaswinder Kumar","Deployment_Method":"Terragrunt","Description":"this resource is created for ic via terraform or terragrunt","Email":"rohit.singhal@osttra.com","Environment":"nft","Name":"osttra-ic-nft-osttra-nft-mq-lh-1-internal","Owner":"Rohit Singhal","Project":"ic","RepoUrl":"git::https://github.com/osttra//terraform-ic-nft-provisioning"} | I73: deb026f1-3626-5d05-a6ec-b3ffdf3ee179 | J73: us-east-1 (339713138439) | K73: 52568c99-173f-59a7-9e1a-c00c43495de1 | L73: Linux Red Hat (osttra-ic-nft-osttra-nft-mq-lh-1-internal) | M73: 9.6 | N73: 3f6f27a3-3eec-579b-b3ca-f4e581fb99b9 | O73: aws-osttra-nft | P73: 339713138439 | Q73: 9f9c10d2-8ab9-5395-872b-66ea7984adec | R73: 10.136.8.150 | S73: no | T73: no | U73: Yes
A74: 1d663402-c334-5887-b76a-b251bfe30fb6 | B74: osttra-vm01-nft | D74: AWS | E74: i-0c8ec539b12f9f60e | F74: Windows | G74: Active | H74: {"Category":"nft","CostCenter":"Osttra","Deployment_Method":"Terragrunt","Description":"this resource is created for traiana via terraform or terragrunt","Email":"osttra-cloud-enablement@osttra.com","Environment":"nft","Name":"osttra-vm01-nft","Owner":"Cloud Engineering","Project":"traiana","RepoUrl":"https://github.com/osttra/terraform-nft-migration-provisioning"} | I74: deb026f1-3626-5d05-a6ec-b3ffdf3ee179 | J74: us-east-1 (339713138439) | K74: 2ba7b5d0-e50d-557c-905b-b186a075e097 | L74: Windows Server 2022 (osttra-vm01-nft) | M74: 20348.2582 | N74: 3f6f27a3-3eec-579b-b3ca-f4e581fb99b9 | O74: aws-osttra-nft | P74: 339713138439 | Q74: 6c19fde7-20f9-566d-a80a-0c2f7c2f48e7 | R74: 10.136.8.69 | S74: No | T74: No | U74: Yes
A75: 3486ab20-f474-5636-a15f-891494160d89 | B75: osttra-ic-nft-osttra-nft-mq-sh-1-lh-external | D75: AWS | E75: i-0f83647a7736931b0 | F75: Linux | G75: Active | H75: {"Category":"nft","CostCenter":"Osttra","Created_By":"Jaswinder Kumar","Deployment_Method":"Terragrunt","Description":"this resource is created for ic via terraform or terragrunt","Email":"rohit.singhal@osttra.com","Environment":"nft","Name":"osttra-ic-nft-osttra-nft-mq-sh-1-lh-external","Owner":"Rohit Singhal","Project":"ic","RepoUrl":"git::https://github.com/osttra//terraform-ic-nft-provisioning"} | I75: deb026f1-3626-5d05-a6ec-b3ffdf3ee179 | J75: us-east-1 (339713138439) | K75: bde39f83-b3d6-567d-9856-1063c8682e12 | L75: Linux Red Hat (osttra-ic-nft-osttra-nft-mq-sh-1-lh-external) | M75: 9.6 | N75: 3f6f27a3-3eec-579b-b3ca-f4e581fb99b9 | O75: aws-osttra-nft | P75: 339713138439 | Q75: 04950b11-2b7a-5465-ab00-aa90804af9bd | R75: 10.136.8.237 | S75: Yes | T75: Yes | U75: No
A76: e645ce58-8bdf-57a1-a460-cb3f8d2bc496 | B76: ue2nl-nft-injector2 | D76: AWS | E76: i-0141e992e55177ddc | F76: Linux | G76: Active | H76: {"Category":"traiana","CostCenter":"Osttra","Deployment_Method":"Terragrunt","Description":"this resource is created for nft via terraform or terragrunt","Email":"osttra-cloud-enablement@osttra.com","Environment":"ue2n","Name":"ue2nl-nft-injector2","Owner":"NFT Team","Project":"nft","RepoUrl":"https://github.com/osttra/terraform-nft-provisioning","ec2-backup":"false"} | I76: 21c2d0ae-9716-57be-a05e-d21198cb550f | J76: us-east-2 (339713138439) | K76: ac0e1e48-8e07-52f8-a9b4-8cb3591bb8a6 | L76: Linux Red Hat (ue2nl-nft-injector2) | M76: 9.7 | N76: 3f6f27a3-3eec-579b-b3ca-f4e581fb99b9 | O76: aws-osttra-nft | P76: 339713138439 | Q76: 9d64baa8-1352-5821-8420-1dd664e9b6d6 | R76: 10.194.157.225 | S76: Yes | T76: Yes | U76: No
A77: 6530dc58-e6b0-5f71-9d5d-0e010bbe4e94 | B77: ue2nl-lh-ustic1 | D77: AWS | E77: i-020ec18c594a53545 | F77: Linux | G77: Active | H77: {"Category":"traiana","CostCenter":"Osttra","Deployment_Method":"Terragrunt","Description":"this resource is created for nft via terraform or terragrunt","Email":"osttra-cloud-enablement@osttra.com","Environment":"ue2n","Name":"ue2nl-lh-ustic1","Owner":"NFT Team","Project":"nft","RepoUrl":"https://github.com/osttra/terraform-nft-provisioning"} | I77: 21c2d0ae-9716-57be-a05e-d21198cb550f | J77: us-east-2 (339713138439) | K77: 237e9ff3-77ed-5ffc-9fb4-dd66486437b8 | L77: Linux Red Hat (ue2nl-lh-ustic1) | M77: 7.9 | N77: 3f6f27a3-3eec-579b-b3ca-f4e581fb99b9 | O77: aws-osttra-nft | P77: 339713138439 | Q77: 4783555a-64f4-5dc2-bf05-ecdc32973e79 | R77: 10.194.157.224 | S77: Yes | T77: Yes | U77: No
A78: f532e5f6-ad19-5067-9b7d-20030dd9d396 | B78: ue2nl-cashflow-app01 | D78: AWS | E78: i-03c1c0b8c4222fe36 | F78: Linux | G78: Active | H78: {"Category":"traiana","CostCenter":"Osttra","Deployment_Method":"Terragrunt","Description":"this resource is created for nft via terraform or terragrunt","Email":"osttra-cloud-enablement@osttra.com","Environment":"ue2n","FIS_Target":"latency-test","Name":"ue2nl-cashflow-app01","Owner":"NFT Team","Project":"nft","RepoUrl":"https://github.com/osttra/terraform-nft-provisioning"} | I78: 21c2d0ae-9716-57be-a05e-d21198cb550f | J78: us-east-2 (339713138439) | K78: ebfe5c01-bfb0-51c7-91aa-eaa4d3bec9f9 | L78: Linux Red Hat (ue2nl-cashflow-app01) | M78: 7.9 | N78: 3f6f27a3-3eec-579b-b3ca-f4e581fb99b9 | O78: aws-osttra-nft | P78: 339713138439 | Q78: 85449aff-8a14-573d-b6a4-e7856d40bfb2 | R78: 10.194.157.241 | S78: Yes | T78: Yes | U78: No
A79: 24ceff00-9904-5e5b-a584-05a8fabe25cf | B79: ue2nl-inf-db-tools | D79: AWS | E79: i-0438002e086995f2f | F79: Linux | G79: Active | H79: {"Category":"traiana","CostCenter":"Osttra","Deployment_Method":"Terragrunt","Description":"this resource is created for nft via terraform or terragrunt","Email":"osttra-cloud-enablement@osttra.com","Environment":"ue2n","Name":"ue2nl-inf-db-tools","Owner":"NFT Team","Project":"nft","RepoUrl":"https://github.com/osttra/terraform-nft-provisioning","Role":"database","operational-hours":"247","owner-email":"aditya.agrawal@osttra.com"} | I79: 21c2d0ae-9716-57be-a05e-d21198cb550f | J79: us-east-2 (339713138439) | K79: 32cf1c3b-2ce9-54a8-ad23-710bdcd16bf9 | L79: Linux Red Hat (ue2nl-inf-db-tools) | M79: 7.9 | N79: 3f6f27a3-3eec-579b-b3ca-f4e581fb99b9 | O79: aws-osttra-nft | P79: 339713138439 | Q79: d2981b85-8abe-5d38-a3f5-2e77bfe00375 | R79: 10.194.157.144 | S79: Yes | T79: Yes | U79: No
A80: 82d7cf37-4bd0-5028-8a05-2890f2440a03 | B80: ue2nl-nft-injector-tdr1 | D80: AWS | E80: i-052f854e5726ad878 | F80: Linux | G80: Active | H80: {"Category":"traiana","CostCenter":"Osttra","Deployment_Method":"Terragrunt","Description":"this resource is created for nft via terraform or terragrunt","Email":"osttra-cloud-enablement@osttra.com","Environment":"ue2n","Name":"ue2nl-nft-injector-tdr1","Owner":"NFT Team","Project":"nft","RepoUrl":"https://github.com/osttra/terraform-nft-provisioning","ec2-backup":"false"} | I80: 21c2d0ae-9716-57be-a05e-d21198cb550f | J80: us-east-2 (339713138439) | K80: db28f900-3112-559d-b214-bf8d5292aad9 | L80: Linux Red Hat (ue2nl-nft-injector-tdr1) | M80: 7.9 | N80: 3f6f27a3-3eec-579b-b3ca-f4e581fb99b9 | O80: aws-osttra-nft | P80: 339713138439 | Q80: fc57cf93-a637-5bce-af2c-9838cac5045b | R80: 10.194.157.192 | S80: Yes | T80: Yes | U80: No
A81: f3414762-7489-5c47-b57e-af8358ff6f0b | B81: ue2nl-ic-sa-app1 | D81: AWS | E81: i-05ee841554945e25c | F81: Linux | G81: Active | H81: {"Category":"traiana","CostCenter":"Osttra","Deployment_Method":"Terragrunt","Description":"this resource is created for nft via terraform or terragrunt","Email":"osttra-cloud-enablement@osttra.com","Environment":"ue2n","Name":"ue2nl-ic-sa-app1","Owner":"NFT Team","Project":"nft","RepoUrl":"https://github.com/osttra/terraform-nft-provisioning"} | I81: 21c2d0ae-9716-57be-a05e-d21198cb550f | J81: us-east-2 (339713138439) | K81: 0f5e7da0-60c2-58ed-951a-0c3c2d910b82 | L81: Linux Red Hat (ue2nl-ic-sa-app1) | M81: 7.9 | N81: 3f6f27a3-3eec-579b-b3ca-f4e581fb99b9 | O81: aws-osttra-nft | P81: 339713138439 | Q81: 962acb56-bc57-52b2-868c-c1a51b4a68af | R81: 10.194.157.216 | S81: Yes | T81: Yes | U81: No
A82: 9696aea6-7c65-55fa-b660-72411279cfbb | B82: ue2nl-trm-app1 | D82: AWS | E82: i-05f699d405efb7d08 | F82: Linux | G82: Active | H82: {"Category":"traiana","CostCenter":"Osttra","Deployment_Method":"Terragrunt","Description":"this resource is created for nft via terraform or terragrunt","Email":"osttra-cloud-enablement@osttra.com","Environment":"ue2n","Name":"ue2nl-trm-app1","Owner":"NFT Team","Project":"nft","RepoUrl":"https://github.com/osttra/terraform-nft-provisioning"} | I82: 21c2d0ae-9716-57be-a05e-d21198cb550f | J82: us-east-2 (339713138439) | K82: bef1b162-1aa4-5371-b4c4-81b0711eba76 | L82: Linux Red Hat (ue2nl-trm-app1) | M82: 7.9 | N82: 3f6f27a3-3eec-579b-b3ca-f4e581fb99b9 | O82: aws-osttra-nft | P82: 339713138439 | Q82: 88b1f42a-4573-5974-8a80-ee4d5d2cbe14 | R82: 10.194.157.246 | S82: Yes | T82: Yes | U82: No
A83: 1cbb286b-6f66-5b40-aae2-f369e5d1ec01 | B83: ue2nl-creditlink-app1 | D83: AWS | E83: i-0619a986b01f85547 | F83: Linux | G83: Active | H83: {"Category":"traiana","CostCenter":"Osttra","Deployment_Method":"Terragrunt","Description":"this resource is created for nft via terraform or terragrunt","Email":"osttra-cloud-enablement@osttra.com","Environment":"ue2n","Name":"ue2nl-creditlink-app1","Owner":"NFT Team","Project":"nft","RepoUrl":"https://github.com/osttra/terraform-nft-provisioning"} | I83: 21c2d0ae-9716-57be-a05e-d21198cb550f | J83: us-east-2 (339713138439) | K83: 26da6ed4-49a8-5700-8354-dcbacdcf3d01 | L83: Linux Red Hat (ue2nl-creditlink-app1) | M83: 9.7 | N83: 3f6f27a3-3eec-579b-b3ca-f4e581fb99b9 | O83: aws-osttra-nft | P83: 339713138439 | Q83: f81a56d8-fd4b-5d6e-a0ff-f56d631aecb4 | R83: 10.194.157.11 | S83: Yes | T83: Yes | U83: No
A84: 948b2262-0a1d-5e17-b608-db2809516483 | B84: ue2nl-h3-app1 | D84: AWS | E84: i-06b38e69dac97bfee | F84: Linux | G84: Active | H84: {"Category":"traiana","CostCenter":"Osttra","Deployment_Method":"Terragrunt","Description":"this resource is created for nft via terraform or terragrunt","Email":"osttra-cloud-enablement@osttra.com","Environment":"ue2n","Name":"ue2nl-h3-app1","Owner":"NFT Team","Project":"nft","RepoUrl":"https://github.com/osttra/terraform-nft-provisioning","ec2-backup":"false","fw_app":"etd","fw_default":"true","fw_env":"nft","fw_nat":"shared"} | I84: 21c2d0ae-9716-57be-a05e-d21198cb550f | J84: us-east-2 (339713138439) | K84: 77366ca3-c8ed-54c4-91a0-ae3041fba581 | L84: Linux Red Hat (ue2nl-h3-app1) | M84: 7.9 | N84: 3f6f27a3-3eec-579b-b3ca-f4e581fb99b9 | O84: aws-osttra-nft | P84: 339713138439 | Q84: f7b382eb-c729-583e-abde-b014759a625e | R84: 10.194.157.76 | S84: Yes | T84: Yes | U84: No
A85: 1862f5ef-e1c9-5e66-b52c-15a1896551a5 | B85: ue2nl-h3-app2 | D85: AWS | E85: i-06d874d9ed5f8af18 | F85: Linux | G85: Active | H85: {"Category":"traiana","CostCenter":"Osttra","Deployment_Method":"Terragrunt","Description":"this resource is created for nft via terraform or terragrunt","Email":"osttra-cloud-enablement@osttra.com","Environment":"ue2n","Name":"ue2nl-h3-app2","Owner":"NFT Team","Project":"nft","RepoUrl":"https://github.com/osttra/terraform-nft-provisioning","ec2-backup":"false","fw_app":"etd","fw_default":"true","fw_env":"nft","fw_nat":"shared"} | I85: 21c2d0ae-9716-57be-a05e-d21198cb550f | J85: us-east-2 (339713138439) | K85: 1a2e9144-445b-5bb9-886b-7e645f9ff7d5 | L85: Linux Red Hat (ue2nl-h3-app2) | M85: 7.9 | N85: 3f6f27a3-3eec-579b-b3ca-f4e581fb99b9 | O85: aws-osttra-nft | P85: 339713138439 | Q85: 10bba037-7c02-55b0-8b74-a60a64f373e7 | R85: 10.194.158.7 | S85: Yes | T85: Yes | U85: No
... A101: d380797c-c160-5c3d-83c1-efb0bb54bf73 | B101: ue2nl-etd-app1 | D101: AWS | E101: i-0ed0d4fcc97681f0e | F101: Linux | G101: Active | H101: {"Category":"traiana","CostCenter":"Osttra","Deployment_Method":"Terragrunt","Description":"this resource is created for nft via terraform or terragrunt","Email":"osttra-cloud-enablement@osttra.com","Environment":"ue2n","Name":"ue2nl-etd-app1","Owner":"NFT Team","Project":"nft","RepoUrl":"https://github.com/osttra/terraform-nft-provisioning","ec2-backup":"false","fw_app":"etd","fw_default":"true","fw_env":"nft","fw_nat":"shared"} | I101: 21c2d0ae-9716-57be-a05e-d21198cb550f | J101: us-east-2 (339713138439) | K101: 8eb9b5f6-7908-55a3-92b4-38b66cd47ebe | L101: Linux Red Hat (ue2nl-etd-app1) | M101: 7.9 | N101: 3f6f27a3-3eec-579b-b3ca-f4e581fb99b9 | O101: aws-osttra-nft | P101: 339713138439 | Q101: 9787fb01-d895-5c1e-a807-f2f531147835 | R101: 10.194.157.49 | S101: Yes | T101: Yes | U101: No
A102: 4089d676-b8a6-5263-9059-8a9e2a14c056 | B102: test-cs-runner | C102: cloud ticket raised i we do not have sufficient access(CLOUD-9647) | D102: AWS | E102: i-03a7ed1e3694eb7a0 | F102: Linux | G102: Active | H102: {"Name":"test-cs-runner"} | I102: 4ff652cc-1e1c-59e0-b228-0248cf58ea10 | J102: ap-south-1 (349128901382) | K102: 566b452c-3cb9-5255-9794-44511530d7a7 | L102: Amazon Linux 2023 (test-cs-runner) | M102: 2023.9.20250929 (Amazon Linux) | N102: 3e84eb0c-5d8e-5637-a53c-cab3a4e660e7 | O102: aws-osttra-sandbox001 | P102: 349128901382 | Q102: f10bb119-8a7f-59f0-ba77-010c07190d19 | R102: 192.168.10.170, 52.66.208.115, ec2-52-66-208-115.ap-south-1.compute.amazonaws.com | S102: No | T102: No | U102: Yes
A103: bab25cdb-ae50-5553-9adb-18ceec27c244 | B103: ec2-Prod | C103: cloud ticket raised i we do not have sufficient access(CLOUD-9647) | D103: AWS | E103: i-09351654564ab5640 | F103: Linux | G103: Active | H103: {"Name":"ec2-Prod"} | I103: 80b9bc57-72d5-5d54-88f3-baa74a298e1b | J103: eu-central-1 (349128901382) | K103: 1863c8c5-97d8-51b5-bf3a-6e8861cbec57 | L103: Amazon Linux 2023 (ec2-Prod) | M103: 2023 (Amazon Linux) | N103: 3e84eb0c-5d8e-5637-a53c-cab3a4e660e7 | O103: aws-osttra-sandbox001 | P103: 349128901382 | Q103: c64577bc-f549-5f0e-bd45-70558aad2144 | R103: 10.10.60.42 | S103: No | T103: No | U103: Yes
A104: 434eb4cd-36da-5d8c-a0c7-3af6b6399ae6 | B104: Demo UK Server | C104: cloud ticket raised i we do not have sufficient access(CLOUD-9647) | D104: AWS | E104: i-05a01b35cf44acc56 | F104: Linux | G104: Active | H104: {"Name":"Demo UK Server"} | I104: bc8b39c4-c121-5294-bb42-6a3b2c4e38a1 | J104: eu-west-2 (349128901382) | K104: f23a8fb1-6daa-5e66-98f2-5c34fda94214 | L104: Amazon Linux 2023 (Demo UK Server) | M104: 2023 (Amazon Linux) | N104: 3e84eb0c-5d8e-5637-a53c-cab3a4e660e7 | O104: aws-osttra-sandbox001 | P104: 349128901382 | Q104: 6ab7ddc5-80e1-51e3-a762-df8a2b3338b1 | R104: 10.10.20.190 | S104: No | T104: No | U104: Yes
A105: e5fafdb8-ed82-5f17-ac8d-52cdfcd297d0 | B105: osttra-cloud-engineering-sonarqube-ami | D105: AWS | E105: i-0064140f831721ec0 | F105: Linux | G105: Active | H105: {"Name":"osttra-cloud-engineering-sonarqube-ami"} | I105: 4351938c-e6e1-55fa-9edd-f739c33d1c52 | J105: us-east-1 (090207923567) | K105: 102fa109-16b7-58a3-bbfa-f66e45efe914 | L105: Amazon Linux 2023 (osttra-cloud-engineering-sonarqube-ami) | M105: 2023.10.20260302 (Amazon Linux) | N105: f85b9247-b769-59c8-becd-6f809450e905 | O105: aws-osttra-shared | P105: 090207923567 | Q105: 5e2ab286-719e-560b-b1f5-c5fd6a85e415 | R105: 10.130.35.222 | S105: Yes | T105: Yes | U105: No
A106: c9483b5c-46ab-5ed6-93d3-42c31e0c4f8b | B106: trm-rhel8-slave | D106: AWS | E106: i-00d380d503c90f22c | F106: Linux | G106: Active | H106: {"Availability":"not_24x7","Category":"Devops Tools","CostCenter":"Osttra","Deployment_Method":"JenkinsCloudplugin","Email":"osttra-cloud-enablement@osttra.com","Name":"trm-rhel8-slave","Owner":"Cloud Engineering","Project":"traiana-jenkins-slave","Region":"us-east-1","jenkins_server_url":"https://jenkins.devops.osttra.com/","jenkins_slave_type":"demand_trm-rhel8-slave","key":"Name","propagate_at_launch":"true","value":"trm-rhel8-slave"} | I106: 4351938c-e6e1-55fa-9edd-f739c33d1c52 | J106: us-east-1 (090207923567) | K106: 10c9d8ac-fd6c-5d1c-a557-a4ee284f3123 | L106: Linux Red Hat (trm-rhel8-slave) | M106: 8.9 | N106: f85b9247-b769-59c8-becd-6f809450e905 | O106: aws-osttra-shared | P106: 090207923567 | Q106: a3ddebf7-aea2-5623-b94a-14851edd3104 | R106: 10.130.33.9 | S106: Yes | T106: Yes | U106: No
A107: 0ef94ca7-3cc9-5cdf-aa47-dc281054f627 | B107: Kubemind | D107: AWS | E107: i-01c6a78aee7a7df06 | F107: Linux | G107: Active | H107: {"Name":"Kubemind","Owner":"Utkarsh Singh"} | I107: 4351938c-e6e1-55fa-9edd-f739c33d1c52 | J107: us-east-1 (090207923567) | K107: 36973908-5eae-5c4b-a564-3fcad4c260d1 | L107: Amazon Linux 2023 (Kubemind) | M107: 2023.10.20260202 (Amazon Linux) | N107: f85b9247-b769-59c8-becd-6f809450e905 | O107: aws-osttra-shared | P107: 090207923567 | Q107: 208edf90-2660-50a0-8614-4ec078841595 | R107: 10.130.35.121 | S107: Yes | T107: Yes | U107: No
A108: d72e6ce0-e78c-5a36-9529-f8962a2d8313 | B108: ecl-jup-ciTRM | C108: already installed | D108: AWS | E108: i-02c874c8d3b3084ff | F108: Linux | G108: Active | H108: {"Availability":"not_24x7","Category":"DevOps Tools","CostCenter":"Osttra","Deployment_Method":"JenkinsCloudplugin","Email":"osttra-cloud-enablement@osttra.com","Name":"ecl-jup-ciTRM","Owner":"Cloud Engineering","Project":"traiana-jenkins-slave","Region":"us-east-1","jenkins_server_url":"https://jenkins.devops.osttra.com/","jenkins_slave_type":"demand_ecl-jup-ci-TRM","key":"Name","propagate_at_launch":"true","value":"ecl-jup-ciTRM"} | I108: 4351938c-e6e1-55fa-9edd-f739c33d1c52 | J108: us-east-1 (090207923567) | K108: 798b47ac-f824-5711-a78c-c758941ff5e0 | L108: Linux CentOS (ecl-jup-ciTRM) | M108: 7.2.1511 | N108: f85b9247-b769-59c8-becd-6f809450e905 | O108: aws-osttra-shared | P108: 090207923567 | Q108: 0d22ce65-af2b-5e5c-8150-716dd1e6ae57 | R108: 10.130.33.157 | S108: no | T108: no | U108: Yes
A109: 35fdff2f-2b62-5283-81f4-1ffae8b3ad2a | B109: osttra-github-runner-jigsaw2 | D109: AWS | E109: i-034ab6ebd59cf6c4a | F109: Linux | G109: Active | H109: {"Availability":"not_24x7","Category":"DevOps Tools","CostCenter":"Osttra","Deployment_Method":"Terragrunt","Email":"osttra-cloud-enablement@osttra.com","Name":"osttra-github-runner-jigsaw2","Owner":"Cloud Engineering","Project":"github-runner","Region":"us-east-1","RepoUrl":"https://github.com/osttra/terraform-github-runner-provisioning","aws:ec2launchtemplate:id":"lt-04536b7d2f23baa52","aws:ec2launchtemplate:version":"7","key":"Name","propagate_at_launch":"true","value":"osttra-github-runner-launch-template"} | I109: 4351938c-e6e1-55fa-9edd-f739c33d1c52 | J109: us-east-1 (090207923567) | K109: bb15f30e-6209-5745-9a86-b75cbca9da5b | L109: Amazon Linux 2023 (osttra-github-runner-jigsaw2) | M109: 2023 (Amazon Linux) | N109: f85b9247-b769-59c8-becd-6f809450e905 | O109: aws-osttra-shared | P109: 090207923567 | Q109: 1397434b-2b9b-5940-b206-7b2e640e5c80 | R109: 10.130.35.63 | S109: Yes | T109: Yes | U109: No
A110: f817dc36-ff14-5946-b268-03d67f101622 | B110: Jenkins_validate_sshconfig_newami_PLATENG-232 | D110: AWS | E110: i-04753e2d163286c89 | F110: Linux | G110: Active | H110: {"Name":"Jenkins_validate_sshconfig_newami_PLATENG-232"} | I110: 4351938c-e6e1-55fa-9edd-f739c33d1c52 | J110: us-east-1 (090207923567) | K110: 07ccde24-3b7f-5b64-bc60-059794429536 | L110: Amazon Linux 2023 (Jenkins_validate_sshconfig_newami_PLATENG-232) | M110: 2023.5.20240730 (Amazon Linux) | N110: f85b9247-b769-59c8-becd-6f809450e905 | O110: aws-osttra-shared | P110: 090207923567 | Q110: 46cebd1a-c0bc-5b40-9c93-31a9432a01f5 | R110: 10.130.34.164 | S110: Yes | T110: Yes | U110: No
A111: 2a7264a8-b794-5c31-970e-dc2904145da5 | B111: osttra-github-runner-jigsaw2 | D111: AWS | E111: i-04e5f911231a22773 | F111: Linux | G111: Active | H111: {"Availability":"not_24x7","Category":"DevOps Tools","CostCenter":"Osttra","Deployment_Method":"Terragrunt","Email":"osttra-cloud-enablement@osttra.com","Name":"osttra-github-runner-jigsaw2","Owner":"Cloud Engineering","Project":"github-runner","Region":"us-east-1","RepoUrl":"https://github.com/osttra/terraform-github-runner-provisioning","aws:ec2launchtemplate:id":"lt-04536b7d2f23baa52","aws:ec2launchtemplate:version":"7","key":"Name","propagate_at_launch":"true","value":"osttra-github-runner-launch-template"} | I111: 4351938c-e6e1-55fa-9edd-f739c33d1c52 | J111: us-east-1 (090207923567) | K111: a474c078-124c-5bff-84a6-7477a42a9fdc | L111: Amazon Linux 2023 (osttra-github-runner-jigsaw2) | M111: 2023 (Amazon Linux) | N111: f85b9247-b769-59c8-becd-6f809450e905 | O111: aws-osttra-shared | P111: 090207923567 | Q111: abf1eece-eb59-5213-ad58-f7102b943610 | R111: 10.130.33.114 | S111: Yes | T111: Yes | U111: No
A112: 5c46d5a3-e5b2-515a-942e-c0bc29243dcb | B112: PKI Testing windows | D112: AWS | E112: i-053368ce7cba53843 | F112: Windows | G112: Active | H112: {"Name":"PKI Testing windows","Owner ":"Atul Kumar Yadav","Ticket ":"CLOUD-8715"} | I112: 4351938c-e6e1-55fa-9edd-f739c33d1c52 | J112: us-east-1 (090207923567) | K112: 38e8b681-3f75-564e-a035-27d8a2fd7f50 | L112: Windows Server 2025 (PKI Testing windows) | M112: 26100.32370 | N112: f85b9247-b769-59c8-becd-6f809450e905 | O112: aws-osttra-shared | P112: 090207923567 | Q112: 146028ed-db8a-5f1d-96d0-5d849dbd346a | R112: 10.130.34.12 | S112: No | T112: No | U112: Yes
A113: 4802e635-055e-5379-b07e-29bd3fd889d2 | B113: ecl-jupci-TRM | D113: AWS | E113: i-06029e972cc18374c | F113: Linux | G113: Active | H113: {"Name":"ecl-jupci-TRM"} | I113: 4351938c-e6e1-55fa-9edd-f739c33d1c52 | J113: us-east-1 (090207923567) | K113: f1198c25-3447-54bf-83ea-5929813de1df | L113: Linux CentOS (ecl-jupci-TRM) | M113: 7.2.1511 | N113: f85b9247-b769-59c8-becd-6f809450e905 | O113: aws-osttra-shared | P113: 090207923567 | Q113: 8a7ade9e-2a3c-5a56-b733-4da3cf8f5d7b | R113: 10.130.33.237 | S113: Yes | T113: Yes | U113: No
A114: b74d615a-3809-5bdc-ac03-3ee818ec10ef | B114: trm-rhel8-slave | D114: AWS | E114: i-06177256bbc5e2579 | F114: Linux | G114: Active | H114: {"Name":"trm-rhel8-slave"} | I114: 4351938c-e6e1-55fa-9edd-f739c33d1c52 | J114: us-east-1 (090207923567) | K114: 413b38a6-1a11-5dec-9573-8a8d1afe63e5 | L114: Linux Red Hat (trm-rhel8-slave) | M114: 8.9 | N114: f85b9247-b769-59c8-becd-6f809450e905 | O114: aws-osttra-shared | P114: 090207923567 | Q114: 0cf509f3-2390-53a3-86bf-a0ffb0d84dcd | R114: 10.130.32.129 | S114: Yes | T114: Yes | U114: No
A115: 83cf7c2b-a911-5d8a-9afb-3c0f548f0d11 | B115: osttra-shared-cm-db | D115: AWS | E115: i-06a1151c870bf4f2b | F115: Linux | G115: Active | H115: {"Name":"osttra-shared-cm-db"} | I115: 4351938c-e6e1-55fa-9edd-f739c33d1c52 | J115: us-east-1 (090207923567) | K115: bf93bfad-05ff-5bc4-a3b7-ac43d1fcfdd6 | L115: Linux Red Hat (osttra-shared-cm-db) | M115: 7.9 | N115: f85b9247-b769-59c8-becd-6f809450e905 | O115: aws-osttra-shared | P115: 090207923567 | Q115: d4d7dd48-8422-5c2c-bd0b-d4b324b4c0ab | R115: 10.130.35.153 | S115: Yes | T115: Yes | U115: No
A116: eda594eb-0ffb-5be8-914e-b92bf83ee9c8 | B116: osttra-github-runner-jigsaw2 | D116: AWS | E116: i-0789ce9f905b9c734 | F116: Linux | G116: Active | H116: {"Availability":"not_24x7","Category":"DevOps Tools","CostCenter":"Osttra","Deployment_Method":"Terragrunt","Email":"osttra-cloud-enablement@osttra.com","Name":"osttra-github-runner-jigsaw2","Owner":"Cloud Engineering","Project":"github-runner","Region":"us-east-1","RepoUrl":"https://github.com/osttra/terraform-github-runner-provisioning","aws:ec2launchtemplate:id":"lt-04536b7d2f23baa52","aws:ec2launchtemplate:version":"7","key":"Name","propagate_at_launch":"true","value":"osttra-github-runner-launch-template"} | I116: 4351938c-e6e1-55fa-9edd-f739c33d1c52 | J116: us-east-1 (090207923567) | K116: 708f5c01-72b9-536c-a618-013d8de5042f | L116: Amazon Linux 2023 (osttra-github-runner-jigsaw2) | M116: 2023 (Amazon Linux) | N116: f85b9247-b769-59c8-becd-6f809450e905 | O116: aws-osttra-shared | P116: 090207923567 | Q116: 5f6087ba-edb7-5b27-b6c9-6f0aa44c72b1 | R116: 10.130.33.136 | S116: Yes | T116: Yes | U116: No
A117: 713ce57e-5007-5a44-bb3a-3bee861d22cd | B117: conduit-new-amz-linux | C117: powered off | D117: AWS | E117: i-07eab680751545e74 | F117: Linux | G117: Active | H117: {"Name":"conduit-new-amz-linux"} | I117: 4351938c-e6e1-55fa-9edd-f739c33d1c52 | J117: us-east-1 (090207923567) | K117: 619dda8c-ab22-5497-9455-bc7aa8191700 | L117: Amazon Linux 2023 (conduit-new-amz-linux) | M117: 2023.11.20260413 (Amazon Linux) | N117: f85b9247-b769-59c8-becd-6f809450e905 | O117: aws-osttra-shared | P117: 090207923567 | Q117: f31c30f3-6be6-5b9e-a4b1-3e365e1161e8 | R117: 10.130.35.86 | S117: No | T117: No | U117: Yes
A118: f92bef56-2d01-52cf-9668-f35cee745fc6 | B118: osttra-github-runner-jigsaw | D118: AWS | E118: i-0887bf3ee82bbf188 | F118: Linux | G118: Active | H118: {"Availability":"not_24x7","Category":"DevOps Tools","CostCenter":"Osttra","Deployment_Method":"Terragrunt","Email":"osttra-cloud-enablement@osttra.com","Name":"osttra-github-runner-jigsaw","Owner":"Cloud Engineering","Project":"github-runner","Region":"us-east-1","RepoUrl":"https://github.com/osttra/terraform-github-runner-provisioning","Shutdown":"1","aws:ec2launchtemplate:id":"lt-04536b7d2f23baa52","aws:ec2launchtemplate:version":"6","key":"Name","propagate_at_launch":"true","value":"osttra-github-runner"} | I118: 4351938c-e6e1-55fa-9edd-f739c33d1c52 | J118: us-east-1 (090207923567) | K118: 9e8b185a-9a93-5126-92fa-b80fad7ff8d6 | L118: Amazon Linux 2023 (osttra-github-runner-jigsaw) | M118: 2023 (Amazon Linux) | N118: f85b9247-b769-59c8-becd-6f809450e905 | O118: aws-osttra-shared | P118: 090207923567 | Q118: 37b46783-4695-5cdd-b573-76671b881a10 | R118: 10.130.34.34 | S118: Yes | T118: Yes | U118: No
A119: d345f61f-9c5d-58e1-9747-638d33b92e1e | B119: ecl-jup-ci | D119: AWS | E119: i-08e49cddc3201fcf1 | F119: Linux | G119: Active | H119: {"Availability":"not_24x7","Category":"DevOps Tools","CostCenter":"Osttra","Deployment_Method":"Terragrunt","Email":"osttra-cloud-enablement@osttra.com","Name":"ecl-jup-ci","Owner":"Cloud Engineering","Project":"jenkins-slave","Region":"us-east-1","jenkins_server_url":"https://jenkins.devops.osttra.com/","jenkins_slave_type":"demand_ecl-jup-ci","key":"Name","propagate_at_launch":"true","value":"osttra-jenkins-slave"} | I119: 4351938c-e6e1-55fa-9edd-f739c33d1c52 | J119: us-east-1 (090207923567) | K119: 05826420-9232-57be-ac30-993bed0b7b7b | L119: Linux CentOS (i-08e49cddc3201fcf1) | M119: 6.8 | N119: f85b9247-b769-59c8-becd-6f809450e905 | O119: aws-osttra-shared | P119: 090207923567 | Q119: ce385f0c-1518-5943-a682-a6cf5bb391c6 | R119: 10.130.32.49 | S119: Yes | T119: Yes | U119: No
A120: 6f609d5b-9268-546c-8dc3-6ff2e4815e52 | B120: ecl-jup-ci | D120: AWS | E120: i-08fe26340ad68aa97 | F120: Linux | G120: Active | H120: {"Availability":"not_24x7","Category":"DevOps Tools","CostCenter":"Osttra","Deployment_Method":"Terragrunt","Email":"osttra-cloud-enablement@osttra.com","Name":"ecl-jup-ci","Owner":"Cloud Engineering","Project":"jenkins-slave","Region":"us-east-1","jenkins_server_url":"https://jenkins.devops.osttra.com/","jenkins_slave_type":"demand_ecl-jup-ci","key":"Name","propagate_at_launch":"true","value":"osttra-jenkins-slave"} | I120: 4351938c-e6e1-55fa-9edd-f739c33d1c52 | J120: us-east-1 (090207923567) | K120: 9b67343f-f8b4-5e24-bbd3-1d38deae46e2 | L120: Linux CentOS (i-08fe26340ad68aa97) | M120: 6.8 | N120: f85b9247-b769-59c8-becd-6f809450e905 | O120: aws-osttra-shared | P120: 090207923567 | Q120: 5001f047-48f8-548b-b6fb-745989a56cf6 | R120: 10.130.33.95 | S120: Yes | T120: Yes | U120: No
A121: 4910f8d4-4d22-5592-b218-cb1b33462041 | B121: PKI Testing | D121: AWS | E121: i-0aee5fa53d41321f9 | F121: Linux | G121: Active | H121: {"Name":"PKI Testing","Owner ":"Atul Kumar Yadav","Ticket ":"CLOUD-8715"} | I121: 4351938c-e6e1-55fa-9edd-f739c33d1c52 | J121: us-east-1 (090207923567) | K121: bc326ecc-147f-5126-827c-accde435a61a | L121: Amazon Linux 2023 (PKI Testing) | M121: 2023.10.20260216 (Amazon Linux) | N121: f85b9247-b769-59c8-becd-6f809450e905 | O121: aws-osttra-shared | P121: 090207923567 | Q121: 2a6cd3a3-2630-5141-a1a2-93ca0b5a027f | R121: 10.130.35.125 | S121: Yes | T121: Yes | U121: No
A122: 64a2f10c-522b-56cb-8ee8-106e48255106 | B122: osttra-jenkins-slave-poc | D122: AWS | E122: i-0ddd29800d851b4a2 | F122: Linux | G122: Active | H122: {"Name":"osttra-jenkins-slave-poc","Owner":"Anand Bansal","Teams":"CloudEng, SystemEng"} | I122: 4351938c-e6e1-55fa-9edd-f739c33d1c52 | J122: us-east-1 (090207923567) | K122: 69684766-cf25-52d5-93cd-202d7113ac7d | L122: Amazon Linux 2023 (osttra-jenkins-slave-poc) | M122: 2023 (Amazon Linux) | N122: f85b9247-b769-59c8-becd-6f809450e905 | O122: aws-osttra-shared | P122: 090207923567 | Q122: 1b45151b-ae84-579f-af32-16a3ff471fce | R122: 10.130.35.33 | S122: Yes | T122: Yes | U122: No
A123: b9baebac-b4ba-52bf-ad02-6547e3670cbe | B123: ecl-jup-ci | D123: AWS | E123: i-0e55b5438defd0c42 | F123: Linux | G123: Active | H123: {"Availability":"not_24x7","Category":"DevOps Tools","CostCenter":"Osttra","Deployment_Method":"Terragrunt","Email":"osttra-cloud-enablement@osttra.com","Name":"ecl-jup-ci","Owner":"Cloud Engineering","Project":"jenkins-slave","Region":"us-east-1","jenkins_server_url":"https://jenkins.devops.osttra.com/","jenkins_slave_type":"demand_ecl-jup-ci","key":"Name","propagate_at_launch":"true","value":"osttra-jenkins-slave"} | I123: 4351938c-e6e1-55fa-9edd-f739c33d1c52 | J123: us-east-1 (090207923567) | K123: 2c1754aa-1f35-5f92-b2f5-2bbf7406e2d2 | L123: Linux CentOS (ecl-jup-ci) | M123: 6.8 | N123: f85b9247-b769-59c8-becd-6f809450e905 | O123: aws-osttra-shared | P123: 090207923567 | Q123: d7f6186e-6778-5b96-93fa-acd6ff6aee88 | R123: 10.130.32.231 | S123: Yes | T123: Yes | U123: No
A124: 7616f994-a0d9-513a-8a6f-5af910c7d7e3 | B124: osttra-devops-luminate | D124: AWS | E124: i-0e655e451e9fdfcae | F124: Linux | G124: Active | H124: {"AmiId":"ami-0cff7528ff583bf9a","AmiName":"Amazon Linux 2 AMI","ApplicationRole":"Osttra devops","ApplicatonName":"Osttra devops","AutoScalingGroupName":"NA","CostCenter":"Osttra","Deployment_Method":"Terraform","Description":"This ec2 instance is planne dto use as orchestration machine for initial devops environment set up","Email":"kumar.shikhar@ihsmarkit.com","Environment":"Dev","LastInspectorAssessmentDate":"NA","LastInspectorAssessmentStatus":"NA","LaunchConfigurationName":"NA","Name":"osttra-devops-luminate","Owner":"Kumar Shikhar","RepoUrl":null,"Version":"1.0"} | I124: 4351938c-e6e1-55fa-9edd-f739c33d1c52 | J124: us-east-1 (090207923567) | K124: 2744a09d-9b08-5a0b-b683-90fa73b4ca7f | L124: Amazon Linux 2 (osttra-devops-luminate) | M124: 2 (Karoo) | N124: f85b9247-b769-59c8-becd-6f809450e905 | O124: aws-osttra-shared | P124: 090207923567 | Q124: d53fa325-861c-57e6-ab58-aac415403732 | R124: 10.130.33.214 | S124: Yes | T124: Yes | U124: No
A125: 2fb9f06d-4451-5642-95ac-a8cdb0000e50 | B125: ecl-jup-ci-rhel9 | D125: AWS | E125: i-0ea85a2563acf2152 | F125: Linux | G125: Active | H125: {"Availability":"not_24x7","Category":"DevOps Tools","CostCenter":"Osttra","Deployment_Method":"JenkinsCloudplugin","Email":"osttra-cloud-enablement@osttra.com","Name":"ecl-jup-ci-rhel9","Owner":"Cloud Engineering","Project":"traiana-jenkins-slave","Region":"us-east-1","jenkins_server_url":"https://jenkins.devops.osttra.com/","jenkins_slave_type":"demand_ecl-jup-ci-RHEL9","key":"Name","propagate_at_launch":"true","value":"ecl-jup-ci-rhel9"} | I125: 4351938c-e6e1-55fa-9edd-f739c33d1c52 | J125: us-east-1 (090207923567) | K125: fb511750-194d-510a-99a5-9ea912f96380 | L125: Linux Red Hat (ecl-jup-ci-rhel9) | M125: 9.4 | N125: f85b9247-b769-59c8-becd-6f809450e905 | O125: aws-osttra-shared | P125: 090207923567 | Q125: 756a4884-b7d0-5112-a372-b7442f7c36bf | R125: 10.130.33.92 | S125: Yes | T125: Yes | U125: No
A126: 0f49a9cf-c068-5b6b-a100-5fc4765ff747 | B126: ecl-jup-ci-slave | D126: AWS | E126: i-0eb2a68f91e9edb96 | F126: Linux | G126: Active | H126: {"Name":"ecl-jup-ci-slave"} | I126: 4351938c-e6e1-55fa-9edd-f739c33d1c52 | J126: us-east-1 (090207923567) | K126: 837b8a8e-f2bf-5e70-a88d-96d03c8d5b3a | L126: Linux CentOS (ecl-jup-ci-slave) | M126: 6.8 | N126: f85b9247-b769-59c8-becd-6f809450e905 | O126: aws-osttra-shared | P126: 090207923567 | Q126: 793abfab-934a-58e1-8ff9-278a78990e69 | R126: 10.130.33.181 | S126: Yes | T126: Yes | U126: No
A127: 3aa74cc2-b644-50b7-8f01-78852a911070 | B127: JENKINS-SLAVE-GOLDEN-AMI | D127: AWS | E127: i-0f53211140634ecd4 | F127: Linux | G127: Active | H127: {"CostCenter":"Osttra","Created_On":"1768982882","Deployment_Mathod":"Packer","Email":"cloud-enablement@osttra.com","EnableInspectorScan":"true","Environment":"Dev","Name":"JENKINS-SLAVE-GOLDEN-AMI","Owner":"Cloud_Engineering","Product":"Jenkins-Slave","RepoURL":"https://github.com/osttra/jenkins-slave-packer-workflow"} | I127: 4351938c-e6e1-55fa-9edd-f739c33d1c52 | J127: us-east-1 (090207923567) | K127: 1e8cb58f-2960-5985-84c9-037887c921d5 | L127: Amazon Linux 2023 (JENKINS-SLAVE-GOLDEN-AMI) | M127: 2023.5.20240730 (Amazon Linux) | N127: f85b9247-b769-59c8-becd-6f809450e905 | O127: aws-osttra-shared | P127: 090207923567 | Q127: ca3920da-f272-50d9-b625-291ecb708d04 | R127: 10.130.32.8 | S127: Yes | T127: Yes | U127: No
A128: a7305398-b373-5035-b736-28489eb54aee | B128: ecl-jup-ci-RHEL9 | D128: AWS | E128: i-0f7bd9a829605e640 | F128: Linux | G128: Active | H128: {"Category":"Devops Tools","CostCenter":"Osttra","Deployment_Method":"Manual","Name":"ecl-jup-ci-RHEL9","Owner":"Cloud Engineering","Project":"jenkins-slave","Region":"us-east-1","jenkins_server_url":"https://jenkins.devops.osttra.com/","key":"Name","propagate_at_launch":"true"} | I128: 4351938c-e6e1-55fa-9edd-f739c33d1c52 | J128: us-east-1 (090207923567) | K128: a474cc6a-1bad-5bc9-b64d-44e885ccfbca | L128: Linux Red Hat (ecl-jup-ci-RHEL9) | M128: 9.4 | N128: f85b9247-b769-59c8-becd-6f809450e905 | O128: aws-osttra-shared | P128: 090207923567 | Q128: 6a6bf727-422d-5dee-ba66-f3dde766418b | R128: 10.130.33.151 | S128: Yes | T128: Yes | U128: No
A129: 59e146f5-98fd-50cd-acae-8208a293bba3 | B129: osttra-shared-tools-prod-ora-jenkins | D129: AWS | E129: i-02482ca257f5ac9ed | F129: Linux | G129: Active | H129: {"Category":"traiana-tools","CostCenter":"Osttra","Deployment_Method":"Terragrunt","Description":"this resource is created for shared-tools via terraform or terragrunt","Email":"osttra-cloud-enablement@osttra.com","Environment":"prod","Name":"osttra-shared-tools-prod-ora-jenkins","Owner":"Cloud Engineering","Project":"shared-tools","RepoUrl":"https://github.com/osttra/terraform-shared-account-tools-provisioning"} | I129: b0dbfd43-f107-5a9f-844b-7147d00fce4d | J129: us-east-1 (906671082572) | K129: 27b3a219-b4a5-5dc3-ae23-f6a3f63f5701 | L129: Linux Red Hat (osttra-shared-tools-prod-ora-jenkins) | M129: 9.5 | N129: c6447a25-a1f9-5d88-a2af-b92ad2f3f1fc | O129: aws-osttra-shared-prod | P129: 906671082572 | Q129: 02422fd0-47d8-50e1-9781-b6e8f341887c | R129: 10.131.1.206 | S129: Yes | T129: Yes | U129: No
A130: 736a632e-f897-5cdf-9c4f-512184211ae8 | B130: osttra-github-prod-runner | D130: AWS | E130: i-02fcc5e74961701c6 | F130: Linux | G130: Active | H130: {"Name":"osttra-github-prod-runner"} | I130: b0dbfd43-f107-5a9f-844b-7147d00fce4d | J130: us-east-1 (906671082572) | K130: 74debfa0-f27a-5145-8926-ae9bfa19b498 | L130: Amazon Linux 2 (osttra-github-prod-runner) | M130: 2 (Karoo) | N130: c6447a25-a1f9-5d88-a2af-b92ad2f3f1fc | O130: aws-osttra-shared-prod | P130: 906671082572 | Q130: a8ef29f6-1cf1-5b2b-a514-bb03b32c78c9 | R130: 10.130.17.241 | S130: Yes | T130: Yes | U130: No
A131: 2b339d0a-a85b-57cb-9fb4-ce27fc61b4bb | B131: osttra-shared-tools-prod-cloner | C131: installed | D131: AWS | E131: i-074bfa3b3780a69bc | F131: Linux | G131: Active | H131: {"Category":"traiana-tools","CostCenter":"Osttra","Deployment_Method":"Terragrunt","Description":"this resource is created for shared-tools via terraform or terragrunt","Email":"osttra-cloud-enablement@osttra.com","Environment":"prod","Name":"osttra-shared-tools-prod-cloner","Owner":"Cloud Engineering","Project":"shared-tools","RepoUrl":"https://github.com/osttra/terraform-shared-account-tools-provisioning"} | I131: b0dbfd43-f107-5a9f-844b-7147d00fce4d | J131: us-east-1 (906671082572) | K131: 7349fae2-8081-52fb-b582-253dffac25cf | L131: Linux Red Hat (osttra-shared-tools-prod-cloner) | M131: 7.7 | N131: c6447a25-a1f9-5d88-a2af-b92ad2f3f1fc | O131: aws-osttra-shared-prod | P131: 906671082572 | Q131: d3c31a6a-7a09-584f-9c5e-d21797b34537 | R131: 10.131.0.71 | S131: yes | T131: Yes | U131: no
A132: 0a0fc83d-1330-50ea-b648-c39739457397 | B132: osttra-shared-tools-prod-cloner-apps | D132: AWS | E132: i-091055585558c5b3f | F132: Linux | G132: Active | H132: {"Category":"traiana-tools","CostCenter":"Osttra","Deployment_Method":"Terragrunt","Description":"this resource is created for shared-tools via terraform or terragrunt","Email":"osttra-cloud-enablement@osttra.com","Environment":"prod","Name":"osttra-shared-tools-prod-cloner-apps","Owner":"Cloud Engineering","Project":"shared-tools","RepoUrl":"https://github.com/osttra/terraform-shared-account-tools-provisioning"} | I132: b0dbfd43-f107-5a9f-844b-7147d00fce4d | J132: us-east-1 (906671082572) | K132: 3f9a90eb-4a8c-57fb-a725-20a20f99d847 | L132: Linux Red Hat (osttra-shared-tools-prod-cloner-apps) | M132: 7.9 | N132: c6447a25-a1f9-5d88-a2af-b92ad2f3f1fc | O132: aws-osttra-shared-prod | P132: 906671082572 | Q132: 7eaea9b8-af97-5518-afe2-3de96f57716d | R132: 10.131.1.73 | S132: Yes | T132: Yes | U132: No
A133: 916c025c-c214-5a44-8ea6-d6b8e8c507ff | B133: osttra-shared-tools-prod-tanium-jump-server | D133: AWS | E133: i-0b152d2e96853b928 | F133: Linux | G133: Active | H133: {"Category":"traiana-tools","CostCenter":"Osttra","Deployment_Method":"Terragrunt","Description":"this resource is created for shared-tools via terraform or terragrunt","Email":"osttra-cloud-enablement@osttra.com","Environment":"prod","Name":"osttra-shared-tools-prod-tanium-jump-server","Owner":"Cloud Engineering","Project":"shared-tools","RepoUrl":"https://github.com/osttra/terraform-shared-account-tools-provisioning"} | I133: b0dbfd43-f107-5a9f-844b-7147d00fce4d | J133: us-east-1 (906671082572) | K133: 7e3b34de-334b-5327-be15-ef1437bddc3e | L133: Linux Red Hat (osttra-shared-tools-prod-tanium-jump-server) | M133: 7.9 | N133: c6447a25-a1f9-5d88-a2af-b92ad2f3f1fc | O133: aws-osttra-shared-prod | P133: 906671082572 | Q133: a397d629-9682-54e1-906b-e64edefea0bc | R133: 10.131.1.5 | S133: Yes | T133: Yes | U133: No
A134: 87bdddc8-86b9-53e8-a2eb-ee88be1f3ae0 | B134: eu-rst-pwrc02 | D134: AWS | E134: i-04879e340882ddcfc | F134: Windows | G134: Active | H134: {"CostCenter":"Osttra","DeploymentMethod":"trf","Email":"infra@reset.net","Environment":"Test","Name":"eu-rst-pwrc02","Owner":"James","Patched_by":"SCCM","Project":"Reset","RepoUrl":"git"} | I134: c3f6f410-788c-5184-bd1f-b73423509965 | J134: eu-central-1 (002411069618) | K134: 84b8f88f-02f2-59a5-a3c0-ba206e00bd38 | L134: Windows Server 2022 (eu-rst-pwrc02) | M134: 20348.5020 | N134: ea9e17a5-231f-5331-9c27-fbee52874d0a | O134: aws-reset-prod | P134: 002411069618 | Q134: 01cdd580-4407-5845-bbb8-aa6f30c763bb | R134: 10.204.21.129 | S134: Yes | T134: Yes | U134: No
A135: e8fb16c3-043e-5734-a7d7-e115e5e9d21e | B135: eu-rst-pwrc01 | D135: AWS | E135: i-06cf0fc134c8bfde3 | F135: Windows | G135: Active | H135: {"CostCenter":"Osttra","DeploymentMethod":"trf","Email":"infra@reset.net","Environment":"Test","Name":"eu-rst-pwrc01","Owner":"James","Patched_by":"SCCM","Project":"Reset","RepoUrl":"git"} | I135: c3f6f410-788c-5184-bd1f-b73423509965 | J135: eu-central-1 (002411069618) | K135: 311359a3-5712-5a8e-adbb-f84d1d74e83c | L135: Windows Server 2022 (eu-rst-pwrc01) | M135: 20348.5020 | N135: ea9e17a5-231f-5331-9c27-fbee52874d0a | O135: aws-reset-prod | P135: 002411069618 | Q135: d8d3747e-483b-5cff-b371-62b52e81fc20 | R135: 10.204.20.215 | S135: Yes | T135: Yes | U135: No
A136: 56f0e719-eb67-55c5-bbdd-7b8e5648d0f4 | B136: eu-rst-twrc02 | D136: AWS | E136: i-0677998c392c9a1f7 | F136: Windows | G136: Active | H136: {"CostCenter":"Osttra","DeploymentMethod":"trf","Email":"infra@reset.net","Environment":"Test","Name":"eu-rst-twrc02","Owner":"James","Patched_by":"SCCM","Project":"Reset","RepoUrl":"git"} | I136: 0d054a06-5879-5158-ba33-5dbdc9176bac | J136: eu-central-1 (813499101820) | K136: c2a71ac9-e1a2-518a-bc82-b820ea2fe397 | L136: Windows Server 2022 (eu-rst-twrc02) | M136: 20348.5020 | N136: 2713f303-7afe-502c-b1af-6b8034d33658 | O136: aws-reset-test | P136: 813499101820 | Q136: 27b68b6b-0baf-5c73-836c-ca11644b651d | R136: 10.203.20.152 | S136: Yes | T136: Yes | U136: No
A137: 56471f01-2175-5ddb-a831-3767561792fc | B137: eu-rst-twrc01 | D137: AWS | E137: i-08e999a7aeb483fb5 | F137: Windows | G137: Active | H137: {"CostCenter":"Osttra","DeploymentMethod":"trf","Email":"infra@reset.net","Environment":"Test","Name":"eu-rst-twrc01","Owner":"James","Patched_by":"SCCM","Project":"Reset","RepoUrl":"git"} | I137: 0d054a06-5879-5158-ba33-5dbdc9176bac | J137: eu-central-1 (813499101820) | K137: c1b7243a-90fd-5a1b-910e-492aa426e531 | L137: Windows Server 2022 (eu-rst-twrc01) | M137: 20348.5020 | N137: 2713f303-7afe-502c-b1af-6b8034d33658 | O137: aws-reset-test | P137: 813499101820 | Q137: 461e0c15-5610-5426-911d-37249a229224 | R137: 10.203.18.195 | S137: Yes | T137: Yes | U137: No
A138: 131beaca-259f-5f11-8828-17136336dd82 | B138: ue1p-inf-pmdc1 | D138: AWS | E138: i-002df5202244a3118 | F138: Windows | G138: Active | H138: {"Name":"ue1p-inf-pmdc1"} | I138: ce778b9d-c30e-5c1b-bbbb-eb7879ad6b1e | J138: us-east-1 (058264521383) | K138: 12e932d9-3972-5e36-9cb5-950ed323d797 | L138: Windows Server 2019 (ue1p-inf-pmdc1) | M138: 17763.8511 | N138: d80c6e11-6362-511d-bf4b-ac444bad3f4a | O138: aws-tpcore-prod | P138: 058264521383 | Q138: 93983fe7-a6d8-5bc1-b6b6-6a6f5b8ae90c | R138: 10.195.70.99 | S138: Yes | T138: Yes | U138: No
A139: 5320e913-f710-5450-b234-9ebb8aedd716 | B139: ue1pl-h3-2app2 | D139: AWS | E139: i-004369fb39e897c6d | F139: Linux | G139: Active | H139: {"Category":"traiana","CostCenter":"Osttra","Deployment_Method":"Terragrunt","Description":"This resource is created for tpcore via terraform or terragrunt","Email":"osttra-cloud-enablement@osttra.com","Environment":"ue1p","Name":"ue1pl-h3-2app2","Owner":"Cloud Engineering","Project":"tpcore","RepoUrl":"https://github.com/osttra/terraform-aws-tpcore-provisioning","cost-center:app":"harmony3","cost-center:category":"app","cost-center:email":"dl-tr-fx@osttra.com","cost-center:env":"prod","cost-center:owner":"fx-traiana","ec2-backup":"true","fw_app":"harmony3","fw_default":"true","fw_env":"prod","fw_nat":"shared"} | I139: ce778b9d-c30e-5c1b-bbbb-eb7879ad6b1e | J139: us-east-1 (058264521383) | K139: 07718fca-9695-53aa-9d07-bb112c68d6fa | L139: Linux Red Hat (ue1pl-h3-2app2) | M139: 7.9 | N139: d80c6e11-6362-511d-bf4b-ac444bad3f4a | O139: aws-tpcore-prod | P139: 058264521383 | Q139: 71efce5a-4b8a-515c-9eec-7174469aaf72 | R139: 10.195.86.213 | S139: Yes | T139: Yes | U139: No
A140: 0b0cdb7c-a1d3-5c80-9988-9b6eb2a0e458 | B140: test-mq-machine-31-mar | D140: AWS | E140: i-004fe73a5de5f4d4d | F140: Linux | G140: Active | H140: {"Name":"test-mq-machine-31-mar"} | I140: ce778b9d-c30e-5c1b-bbbb-eb7879ad6b1e | J140: us-east-1 (058264521383) | K140: 9fe990eb-be49-58f1-b152-a156d89b9293 | L140: Linux Red Hat (test-mq-machine-31-mar) | M140: 9.4 | N140: d80c6e11-6362-511d-bf4b-ac444bad3f4a | O140: aws-tpcore-prod | P140: 058264521383 | Q140: bf01d9fb-b975-5949-870c-335126a17e95 | R140: 10.195.86.198 | S140: Yes | T140: Yes | U140: No
A141: e9cc866f-ab00-5ea1-8076-91cc901303b2 | B141: ue1pl-test-mq02 | D141: AWS | E141: i-006351cb2a81be7a4 | F141: Linux | G141: Active | H141: {"Category":"traiana","CostCenter":"Osttra","Deployment_Method":"Terragrunt","Description":"this resource is created for tpcore via terraform or terragrunt","Email":"osttra-cloud-enablement@osttra.com","Environment":"ue1p","Name":"ue1pl-test-mq02","Owner":"Cloud Engineering","Project":"tpcore","RepoUrl":"https://github.com/osttra/terraform-aws-tpcore-provisioning","ec2-backup":"false","fw_app":"mq-test","fw_default":"true","fw_env":"prod","fw_nat":"shared"} | I141: ce778b9d-c30e-5c1b-bbbb-eb7879ad6b1e | J141: us-east-1 (058264521383) | K141: 6e500f14-56d3-5bda-b7c2-2f75410f364b | L141: Linux Red Hat (ue1pl-test-mq02) | M141: 9.4 | N141: d80c6e11-6362-511d-bf4b-ac444bad3f4a | O141: aws-tpcore-prod | P141: 058264521383 | Q141: c37a1268-d040-558e-9e42-462d3e537b95 | R141: 10.195.89.46 | S141: Yes | T141: Yes | U141: No
...

Sheet Sheet2
A1: VIRTUAL_MACHINE.Name | B1: POC | C1: NETWORK_ADDRESS.Name
A2: test-webserver-tsa | B2: Akshat/Ankur | C2: 10.196.1.81, 15.206.75.153, ec2-15-206-75-153.ap-south-1.compute.amazonaws.com | D2: update
A3: test-ubuntu-alloy-vm | B3: Dharamveer | C3: 10.196.254.94
A4: osttra-network-prod-syslog-eu-west-1a | B4: Dharamveer | C4: 10.196.253.12 | D4: need to check with Akshat/Ankur
A5: osttra-network-prod-zabbix-server-eu-west-1a | B5: Dharamveer | C5: 10.196.252.199 | D5: need to check with Akshat/Ankur
A6: Network_Automation_GITHUB_Runner_debian | B6: Chetan/Yash | C6: 10.196.252.44
A7: osttra-network-prod-ntp-eu-west-1a | B7: Akshat/Ankur | C7: 10.196.252.105
A8: osttra-network-prod-ntp-eu-west-1b | B8: Akshat/Ankur | C8: 10.196.252.121
A9: network-web-server-instance | B9: Rakesh Kumar | C9: 10.196.253.29 | D9: accessible
A10: osttra-network-prod-zabbix-server-eu-west-1b | B10: Akshat/Ankur | C10: 10.196.252.220
A11: Network_Automation_GITHUB_Runner | B11: Chetan/Yash | C11: 10.196.72.5 | D11: accessible
A12: osttra-network-prod-git-runner-docker-us-east-1a | B12: Chetan/Yash | C12: 10.196.72.156 | D12: accessible
A13: osttra-network-prod-ntp-us-east-1a | B13: Akshat/Ankur | C13: 10.196.72.102
A14: Network_Automation_GITHUB_Runner_2 | B14: Chetan/Yash | C14: 10.196.72.14 | D14: accessible
A15: osttra-network-prod-ntp-us-east-1b | B15: Akshat/Ankur | C15: 10.196.72.122
A16: osttra-network-prod-syslog-us-east-1a | B16: Chetan/Yash | C16: 10.196.72.142
A17: Network_Automation_GITHUB_Runner-F5 | B17: Chetan/Yash | C17: 10.196.72.7 | D17: accessible
A18: test-server-infra-vpc | B18: Discard it | C18: 10.196.112.79

Sheet Sheet4
A1: VIRTUAL_MACHINE.Name
A2: europe-west2-microgateway-instance-hb81
A3: us-east4-perf-mgw-instance-h10c
A4: gce-n-uudo-bastionhost-linux-eu-1
A5: us-east4-sic-instance-db7j
A6: osttra-sftp-gw-group
A7: us-east4-microgateway-instance-wh3x
A8: gce-p-uudo-bastionhost-linux-eu-1
A9: gce-pl-uudo-bastionhost-linux-eu-1
A10: gpu-otm-break-resolution-experiment
A11: cortex-tanium-test-gce

Sheet Non-ASG-Pivot
A1: AWS To DO | F1: GCP To Do

Sheet GCP_zone
A1: Name | B1: data | C1: Region | D1: Zone | E1: Project ID
A2: gce-p-platformtools-arc-jumphost-linux-eu-0 | B2: =VLOOKUP(A2,Sheet4!A:A,1,0) -> #N/A | C2: europe-west2 | D2: europe-west2-a | E2: prj-c-platformtools-fn8z
A3: europe-west2-microgateway-instance-hb81 | B3: =VLOOKUP(A3,Sheet4!A:A,1,0) -> europe-west2-microgateway-instance-hb81 | C3: europe-west2 | D3: europe-west2-a | E3: prj-n-swift-6f8h
A4: europe-west2-microgateway-mig | B4: =VLOOKUP(A4,Sheet4!A:A,1,0) -> #N/A | C4: europe-west2 | D4: N/A | E4: prj-n-swift-6f8h
A5: us-east4-perf-mgw-instance-h10c | B5: =VLOOKUP(A5,Sheet4!A:A,1,0) -> us-east4-perf-mgw-instance-h10c | C5: us-east4 | D5: us-east4-a | E5: prj-n-swift-6f8h
A6: us-east4-perf-mgw-mig | B6: =VLOOKUP(A6,Sheet4!A:A,1,0) -> #N/A | C6: us-east4 | D6: N/A | E6: prj-n-swift-6f8h
A7: gce-n-uudo-bastionhost-linux-eu-1 | B7: =VLOOKUP(A7,Sheet4!A:A,1,0) -> gce-n-uudo-bastionhost-linux-eu-1 | C7: us-east4 | D7: us-east4-a | E7: prj-n-uudo-qs2e
A8: gce-n-vault-jumpbox-linux-euw2 | B8: =VLOOKUP(A8,Sheet4!A:A,1,0) -> #N/A | C8: europe-west2 | D8: europe-west2-a | E8: prj-n-vault-gvez
A9: gce-n-vault-runner-linux-euw2 | B9: =VLOOKUP(A9,Sheet4!A:A,1,0) -> #N/A | C9: europe-west2 | D9: europe-west2-a | E9: prj-n-vault-gvez
A10: otm-break-resolution-experiment | B10: =VLOOKUP(A10,Sheet4!A:A,1,0) -> #N/A | C10: europe-west2 | D10: europe-west2-a | E10: prj-p-ai-glzl
A11: gce-p-bindpln-runner-linux-use4 | B11: =VLOOKUP(A11,Sheet4!A:A,1,0) -> #N/A | C11: us-east4 | D11: us-east4-a | E11: prj-p-bindpln-j70m
A12: gce-p-bindpln-jumpbox-linux-use4 | B12: =VLOOKUP(A12,Sheet4!A:A,1,0) -> #N/A | C12: us-east4 | D12: us-east4-a | E12: prj-p-bindpln-j70m
A13: us-east4-sic-instance-db7j | B13: =VLOOKUP(A13,Sheet4!A:A,1,0) -> us-east4-sic-instance-db7j | C13: us-east4 | D13: us-east4-a | E13: prj-p-sap-int-qoub
... A28: wordpress-linux-instance-poc | B28: =VLOOKUP(A28,Sheet4!A:A,1,0) -> #N/A | C28: europe-west2 | D28: europe-west2-b | E28: prj-s-mohit-flpy
